"Path","Label"
"InvokeCradleCrafter\invoke-cradlecrafter_random_1.ps1","1"
"InvokeCradleCrafter\invoke-cradlecrafter_random_10.ps1","1"
"InvokeCradleCrafter\invoke-cradlecrafter_random_100.ps1","1"
"InvokeCradleCrafter\invoke-cradlecrafter_random_101.ps1","1"
"InvokeCradleCrafter\invoke-cradlecrafter_random_102.ps1","1"
"InvokeCradleCrafter\invoke-cradlecrafter_random_103.ps1","1"
"InvokeCradleCrafter\invoke-cradlecrafter_random_104.ps1","1"
"InvokeCradleCrafter\invoke-cradlecrafter_random_105.ps1","1"
"InvokeCradleCrafter\invoke-cradlecrafter_random_106.ps1","1"
"InvokeCradleCrafter\invoke-cradlecrafter_random_107.ps1","1"
"InvokeCradleCrafter\invoke-cradlecrafter_random_108.ps1","1"
"InvokeCradleCrafter\invoke-cradlecrafter_random_109.ps1","1"
"InvokeCradleCrafter\invoke-cradlecrafter_random_11.ps1","1"
"InvokeCradleCrafter\invoke-cradlecrafter_random_110.ps1","1"
"InvokeCradleCrafter\invoke-cradlecrafter_random_111.ps1","1"
"InvokeCradleCrafter\invoke-cradlecrafter_random_112.ps1","1"
"InvokeCradleCrafter\invoke-cradlecrafter_random_113.ps1","1"
"InvokeCradleCrafter\invoke-cradlecrafter_random_114.ps1","1"
"InvokeCradleCrafter\invoke-cradlecrafter_random_115.ps1","1"
"InvokeCradleCrafter\invoke-cradlecrafter_random_116.ps1","1"
"InvokeCradleCrafter\invoke-cradlecrafter_random_117.ps1","1"
"InvokeCradleCrafter\invoke-cradlecrafter_random_118.ps1","1"
"InvokeCradleCrafter\invoke-cradlecrafter_random_119.ps1","1"
"InvokeCradleCrafter\invoke-cradlecrafter_random_12.ps1","1"
"InvokeCradleCrafter\invoke-cradlecrafter_random_120.ps1","1"
"InvokeCradleCrafter\invoke-cradlecrafter_random_121.ps1","1"
"InvokeCradleCrafter\invoke-cradlecrafter_random_122.ps1","1"
"InvokeCradleCrafter\invoke-cradlecrafter_random_123.ps1","1"
"InvokeCradleCrafter\invoke-cradlecrafter_random_124.ps1","1"
"InvokeCradleCrafter\invoke-cradlecrafter_random_125.ps1","1"
"InvokeCradleCrafter\invoke-cradlecrafter_random_126.ps1","1"
"InvokeCradleCrafter\invoke-cradlecrafter_random_127.ps1","1"
"InvokeCradleCrafter\invoke-cradlecrafter_random_128.ps1","1"
"InvokeCradleCrafter\invoke-cradlecrafter_random_129.ps1","1"
"InvokeCradleCrafter\invoke-cradlecrafter_random_13.ps1","1"
"InvokeCradleCrafter\invoke-cradlecrafter_random_130.ps1","1"
"InvokeCradleCrafter\invoke-cradlecrafter_random_131.ps1","1"
"InvokeCradleCrafter\invoke-cradlecrafter_random_132.ps1","1"
"InvokeCradleCrafter\invoke-cradlecrafter_random_133.ps1","1"
"InvokeCradleCrafter\invoke-cradlecrafter_random_134.ps1","1"
"InvokeCradleCrafter\invoke-cradlecrafter_random_135.ps1","1"
"InvokeCradleCrafter\invoke-cradlecrafter_random_136.ps1","1"
"InvokeCradleCrafter\invoke-cradlecrafter_random_137.ps1","1"
"InvokeCradleCrafter\invoke-cradlecrafter_random_138.ps1","1"
"InvokeCradleCrafter\invoke-cradlecrafter_random_139.ps1","1"
"InvokeCradleCrafter\invoke-cradlecrafter_random_14.ps1","1"
"InvokeCradleCrafter\invoke-cradlecrafter_random_140.ps1","1"
"InvokeCradleCrafter\invoke-cradlecrafter_random_141.ps1","1"
"InvokeCradleCrafter\invoke-cradlecrafter_random_142.ps1","1"
"InvokeCradleCrafter\invoke-cradlecrafter_random_143.ps1","1"
"InvokeCradleCrafter\invoke-cradlecrafter_random_144.ps1","1"
"InvokeCradleCrafter\invoke-cradlecrafter_random_145.ps1","1"
"InvokeCradleCrafter\invoke-cradlecrafter_random_146.ps1","1"
"InvokeCradleCrafter\invoke-cradlecrafter_random_147.ps1","1"
"InvokeCradleCrafter\invoke-cradlecrafter_random_148.ps1","1"
"InvokeCradleCrafter\invoke-cradlecrafter_random_149.ps1","1"
"InvokeCradleCrafter\invoke-cradlecrafter_random_15.ps1","1"
"InvokeCradleCrafter\invoke-cradlecrafter_random_150.ps1","1"
"InvokeCradleCrafter\invoke-cradlecrafter_random_151.ps1","1"
"InvokeCradleCrafter\invoke-cradlecrafter_random_152.ps1","1"
"InvokeCradleCrafter\invoke-cradlecrafter_random_153.ps1","1"
"InvokeCradleCrafter\invoke-cradlecrafter_random_154.ps1","1"
"InvokeCradleCrafter\invoke-cradlecrafter_random_155.ps1","1"
"InvokeCradleCrafter\invoke-cradlecrafter_random_156.ps1","1"
"InvokeCradleCrafter\invoke-cradlecrafter_random_157.ps1","1"
"InvokeCradleCrafter\invoke-cradlecrafter_random_158.ps1","1"
"InvokeCradleCrafter\invoke-cradlecrafter_random_159.ps1","1"
"InvokeCradleCrafter\invoke-cradlecrafter_random_16.ps1","1"
"InvokeCradleCrafter\invoke-cradlecrafter_random_160.ps1","1"
"InvokeCradleCrafter\invoke-cradlecrafter_random_161.ps1","1"
"InvokeCradleCrafter\invoke-cradlecrafter_random_162.ps1","1"
"InvokeCradleCrafter\invoke-cradlecrafter_random_163.ps1","1"
"InvokeCradleCrafter\invoke-cradlecrafter_random_164.ps1","1"
"InvokeCradleCrafter\invoke-cradlecrafter_random_165.ps1","1"
"InvokeCradleCrafter\invoke-cradlecrafter_random_166.ps1","1"
"InvokeCradleCrafter\invoke-cradlecrafter_random_167.ps1","1"
"InvokeCradleCrafter\invoke-cradlecrafter_random_168.ps1","1"
"InvokeCradleCrafter\invoke-cradlecrafter_random_169.ps1","1"
"InvokeCradleCrafter\invoke-cradlecrafter_random_17.ps1","1"
"InvokeCradleCrafter\invoke-cradlecrafter_random_170.ps1","1"
"InvokeCradleCrafter\invoke-cradlecrafter_random_171.ps1","1"
"InvokeCradleCrafter\invoke-cradlecrafter_random_172.ps1","1"
"InvokeCradleCrafter\invoke-cradlecrafter_random_173.ps1","1"
"InvokeCradleCrafter\invoke-cradlecrafter_random_174.ps1","1"
"InvokeCradleCrafter\invoke-cradlecrafter_random_175.ps1","1"
"InvokeCradleCrafter\invoke-cradlecrafter_random_176.ps1","1"
"InvokeCradleCrafter\invoke-cradlecrafter_random_177.ps1","1"
"InvokeCradleCrafter\invoke-cradlecrafter_random_178.ps1","1"
"InvokeCradleCrafter\invoke-cradlecrafter_random_179.ps1","1"
"InvokeCradleCrafter\invoke-cradlecrafter_random_18.ps1","1"
"InvokeCradleCrafter\invoke-cradlecrafter_random_180.ps1","1"
"InvokeCradleCrafter\invoke-cradlecrafter_random_181.ps1","1"
"InvokeCradleCrafter\invoke-cradlecrafter_random_182.ps1","1"
"InvokeCradleCrafter\invoke-cradlecrafter_random_183.ps1","1"
"InvokeCradleCrafter\invoke-cradlecrafter_random_184.ps1","1"
"InvokeCradleCrafter\invoke-cradlecrafter_random_185.ps1","1"
"InvokeCradleCrafter\invoke-cradlecrafter_random_186.ps1","1"
"InvokeCradleCrafter\invoke-cradlecrafter_random_187.ps1","1"
"InvokeCradleCrafter\invoke-cradlecrafter_random_188.ps1","1"
"InvokeCradleCrafter\invoke-cradlecrafter_random_189.ps1","1"
"InvokeCradleCrafter\invoke-cradlecrafter_random_19.ps1","1"
"InvokeCradleCrafter\invoke-cradlecrafter_random_190.ps1","1"
"InvokeCradleCrafter\invoke-cradlecrafter_random_191.ps1","1"
"InvokeCradleCrafter\invoke-cradlecrafter_random_192.ps1","1"
"InvokeCradleCrafter\invoke-cradlecrafter_random_193.ps1","1"
"InvokeCradleCrafter\invoke-cradlecrafter_random_194.ps1","1"
"InvokeCradleCrafter\invoke-cradlecrafter_random_195.ps1","1"
"InvokeCradleCrafter\invoke-cradlecrafter_random_196.ps1","1"
"InvokeCradleCrafter\invoke-cradlecrafter_random_197.ps1","1"
"InvokeCradleCrafter\invoke-cradlecrafter_random_198.ps1","1"
"InvokeCradleCrafter\invoke-cradlecrafter_random_199.ps1","1"
"InvokeCradleCrafter\invoke-cradlecrafter_random_2.ps1","1"
"InvokeCradleCrafter\invoke-cradlecrafter_random_20.ps1","1"
"InvokeCradleCrafter\invoke-cradlecrafter_random_200.ps1","1"
"InvokeCradleCrafter\invoke-cradlecrafter_random_21.ps1","1"
"InvokeCradleCrafter\invoke-cradlecrafter_random_22.ps1","1"
"InvokeCradleCrafter\invoke-cradlecrafter_random_23.ps1","1"
"InvokeCradleCrafter\invoke-cradlecrafter_random_24.ps1","1"
"InvokeCradleCrafter\invoke-cradlecrafter_random_25.ps1","1"
"InvokeCradleCrafter\invoke-cradlecrafter_random_26.ps1","1"
"InvokeCradleCrafter\invoke-cradlecrafter_random_27.ps1","1"
"InvokeCradleCrafter\invoke-cradlecrafter_random_28.ps1","1"
"InvokeCradleCrafter\invoke-cradlecrafter_random_29.ps1","1"
"InvokeCradleCrafter\invoke-cradlecrafter_random_3.ps1","1"
"InvokeCradleCrafter\invoke-cradlecrafter_random_30.ps1","1"
"InvokeCradleCrafter\invoke-cradlecrafter_random_31.ps1","1"
"InvokeCradleCrafter\invoke-cradlecrafter_random_32.ps1","1"
"InvokeCradleCrafter\invoke-cradlecrafter_random_33.ps1","1"
"InvokeCradleCrafter\invoke-cradlecrafter_random_34.ps1","1"
"InvokeCradleCrafter\invoke-cradlecrafter_random_35.ps1","1"
"InvokeCradleCrafter\invoke-cradlecrafter_random_36.ps1","1"
"InvokeCradleCrafter\invoke-cradlecrafter_random_37.ps1","1"
"InvokeCradleCrafter\invoke-cradlecrafter_random_38.ps1","1"
"InvokeCradleCrafter\invoke-cradlecrafter_random_39.ps1","1"
"InvokeCradleCrafter\invoke-cradlecrafter_random_4.ps1","1"
"InvokeCradleCrafter\invoke-cradlecrafter_random_40.ps1","1"
"InvokeCradleCrafter\invoke-cradlecrafter_random_41.ps1","1"
"InvokeCradleCrafter\invoke-cradlecrafter_random_42.ps1","1"
"InvokeCradleCrafter\invoke-cradlecrafter_random_43.ps1","1"
"InvokeCradleCrafter\invoke-cradlecrafter_random_44.ps1","1"
"InvokeCradleCrafter\invoke-cradlecrafter_random_45.ps1","1"
"InvokeCradleCrafter\invoke-cradlecrafter_random_46.ps1","1"
"InvokeCradleCrafter\invoke-cradlecrafter_random_47.ps1","1"
"InvokeCradleCrafter\invoke-cradlecrafter_random_48.ps1","1"
"InvokeCradleCrafter\invoke-cradlecrafter_random_49.ps1","1"
"InvokeCradleCrafter\invoke-cradlecrafter_random_5.ps1","1"
"InvokeCradleCrafter\invoke-cradlecrafter_random_50.ps1","1"
"InvokeCradleCrafter\invoke-cradlecrafter_random_51.ps1","1"
"InvokeCradleCrafter\invoke-cradlecrafter_random_52.ps1","1"
"InvokeCradleCrafter\invoke-cradlecrafter_random_53.ps1","1"
"InvokeCradleCrafter\invoke-cradlecrafter_random_54.ps1","1"
"InvokeCradleCrafter\invoke-cradlecrafter_random_55.ps1","1"
"InvokeCradleCrafter\invoke-cradlecrafter_random_56.ps1","1"
"InvokeCradleCrafter\invoke-cradlecrafter_random_57.ps1","1"
"InvokeCradleCrafter\invoke-cradlecrafter_random_58.ps1","1"
"InvokeCradleCrafter\invoke-cradlecrafter_random_59.ps1","1"
"InvokeCradleCrafter\invoke-cradlecrafter_random_6.ps1","1"
"InvokeCradleCrafter\invoke-cradlecrafter_random_60.ps1","1"
"InvokeCradleCrafter\invoke-cradlecrafter_random_61.ps1","1"
"InvokeCradleCrafter\invoke-cradlecrafter_random_62.ps1","1"
"InvokeCradleCrafter\invoke-cradlecrafter_random_63.ps1","1"
"InvokeCradleCrafter\invoke-cradlecrafter_random_64.ps1","1"
"InvokeCradleCrafter\invoke-cradlecrafter_random_65.ps1","1"
"InvokeCradleCrafter\invoke-cradlecrafter_random_66.ps1","1"
"InvokeCradleCrafter\invoke-cradlecrafter_random_67.ps1","1"
"InvokeCradleCrafter\invoke-cradlecrafter_random_68.ps1","1"
"InvokeCradleCrafter\invoke-cradlecrafter_random_69.ps1","1"
"InvokeCradleCrafter\invoke-cradlecrafter_random_7.ps1","1"
"InvokeCradleCrafter\invoke-cradlecrafter_random_70.ps1","1"
"InvokeCradleCrafter\invoke-cradlecrafter_random_71.ps1","1"
"InvokeCradleCrafter\invoke-cradlecrafter_random_72.ps1","1"
"InvokeCradleCrafter\invoke-cradlecrafter_random_73.ps1","1"
"InvokeCradleCrafter\invoke-cradlecrafter_random_74.ps1","1"
"InvokeCradleCrafter\invoke-cradlecrafter_random_75.ps1","1"
"InvokeCradleCrafter\invoke-cradlecrafter_random_76.ps1","1"
"InvokeCradleCrafter\invoke-cradlecrafter_random_77.ps1","1"
"InvokeCradleCrafter\invoke-cradlecrafter_random_78.ps1","1"
"InvokeCradleCrafter\invoke-cradlecrafter_random_79.ps1","1"
"InvokeCradleCrafter\invoke-cradlecrafter_random_8.ps1","1"
"InvokeCradleCrafter\invoke-cradlecrafter_random_80.ps1","1"
"InvokeCradleCrafter\invoke-cradlecrafter_random_81.ps1","1"
"InvokeCradleCrafter\invoke-cradlecrafter_random_82.ps1","1"
"InvokeCradleCrafter\invoke-cradlecrafter_random_83.ps1","1"
"InvokeCradleCrafter\invoke-cradlecrafter_random_84.ps1","1"
"InvokeCradleCrafter\invoke-cradlecrafter_random_85.ps1","1"
"InvokeCradleCrafter\invoke-cradlecrafter_random_86.ps1","1"
"InvokeCradleCrafter\invoke-cradlecrafter_random_87.ps1","1"
"InvokeCradleCrafter\invoke-cradlecrafter_random_88.ps1","1"
"InvokeCradleCrafter\invoke-cradlecrafter_random_89.ps1","1"
"InvokeCradleCrafter\invoke-cradlecrafter_random_9.ps1","1"
"InvokeCradleCrafter\invoke-cradlecrafter_random_90.ps1","1"
"InvokeCradleCrafter\invoke-cradlecrafter_random_91.ps1","1"
"InvokeCradleCrafter\invoke-cradlecrafter_random_92.ps1","1"
"InvokeCradleCrafter\invoke-cradlecrafter_random_93.ps1","1"
"InvokeCradleCrafter\invoke-cradlecrafter_random_94.ps1","1"
"InvokeCradleCrafter\invoke-cradlecrafter_random_95.ps1","1"
"InvokeCradleCrafter\invoke-cradlecrafter_random_96.ps1","1"
"InvokeCradleCrafter\invoke-cradlecrafter_random_97.ps1","1"
"InvokeCradleCrafter\invoke-cradlecrafter_random_98.ps1","1"
"InvokeCradleCrafter\invoke-cradlecrafter_random_99.ps1","1"
