"Path","Label"
"IseSteroids\Github\adamblake_chocolatey-packages\test_all.ps1","1"
"IseSteroids\Github\amitbed_workshop-mvc\ForumApplication\packages\jQuery.1.8.2\Tools\common.ps1","1"
"IseSteroids\Github\chantisnake_github2choco.old\tools\localHandler.ps1","1"
"IseSteroids\Github\chantisnake_github2choco.old\tools\zipPackageWriter.ps1","1"
"IseSteroids\Github\chustedde_win2012r2-cf11-vagrant\provisioning.ps1","1"
"IseSteroids\Github\cpaton_MachineConfig\Init.ps1","1"
"IseSteroids\Github\cyberhunter00_backdoor\client.ps1","1"
"IseSteroids\Github\dynatrace-innovationlab_bosh-oneagent-release\jobs\dynatrace-oneagent-windows\templates\pre-start.ps1","1"
"IseSteroids\Github\ehsanalizadeh_551-50\ISEM551\packages\Modernizr.2.6.2\Tools\common.ps1","1"
"IseSteroids\Github\ewilde_chocolatey-templates\ghostdoc\tools\chocolateyInstall.ps1","1"
"IseSteroids\Github\hanna15_Project5\N_Vefforittun_20151_Project5_Solution\packages\Modernizr.2.6.2\Tools\common.ps1","1"
"IseSteroids\Github\JacoMiXTelematics_Scripts\_ps1\MailShadowCopyReports.ps1","1"
"IseSteroids\Github\kubikdanon_IT-2320\Final Project\packages\jQuery.1.10.2\Tools\install.ps1","1"
"IseSteroids\Github\PCFDev_i2b2-Windows-Installer\config-i2b2.ps1","1"
"IseSteroids\Github\PCFDev_i2b2-Windows-Installer\install-data.ps1","1"
"IseSteroids\Github\Phoenix5_SupriseProject\InterviewSelectionProcess-build1\packages\jQuery.1.10.2\Tools\uninstall.ps1","1"
"IseSteroids\Github\Phoenix5_SupriseProject\InterviewSelectionProcess-build10\packages\jQuery.1.12.4\Tools\uninstall.ps1","1"
"IseSteroids\Github\Phoenix5_SupriseProject\InterviewSelectionProcess-build2\packages\jQuery.1.10.2\Tools\common.ps1","1"
"IseSteroids\Github\Phoenix5_SupriseProject\InterviewSelectionProcess-build2\packages\Modernizr.2.6.2\Tools\common.ps1","1"
"IseSteroids\Github\Phoenix5_SupriseProject\InterviewSelectionProcess-build6\packages\jQuery.1.12.4\Tools\uninstall.ps1","1"
"IseSteroids\Github\projetohelenos_helenos.api\Helenos\packages\jQuery.1.8.2\Tools\uninstall.ps1","1"
"IseSteroids\Github\Ricardo-Garrido_Azure-ARM\200-nested\201-shared\azuredeploy.ps1","1"
"IseSteroids\GithubGist\andreaswasita_ae980580fd42fa70c957_raw_08069d8e3dac1807d36d56b9aae41c2158417ccf_ClusterNetworkCloudServiceVIP.ps1","1"
"IseSteroids\GithubGist\andrewabest_8776157_raw_9c5c0c13928c7531658f99220e81011491b4a9a4_Deploy.ps1","1"
"IseSteroids\GithubGist\DavidWise_4438004_raw_a062b06634c8522ecb6536a91751b3e82f2a6ee6_Highlight-Syntax.ps1","1"
"IseSteroids\GithubGist\dfch_d5990fdb391fe1b84b76_raw_2c45aebbff6937cc16b673ab2b94657251aed7dd_Convert-Currency.ps1","1"
"IseSteroids\GithubGist\dfinke_328a511d03f41bcb88b3_raw_66d07af2e5d2f6829b1adcf6966307d523ccdc16_Get-GithubEvent.ps1","1"
"IseSteroids\GithubGist\Elindalyne_1878488_raw_240aa6a875ecd145dd0dd7e7ba7a6376b1091a44_Bootstrap-EC2-Windows-CloudInit.ps1","1"
"IseSteroids\GithubGist\GhostTW_647a888e245a1969e33c_raw_8795cd18143e321aaf8b56e60f06e264d1c2c040_win_autoinstall_chocolatey.ps1","1"
"IseSteroids\GithubGist\gravejester_1290947b5da8dd9e733d_raw_82208a3f7bd0da310b718cf4d71182e014bb92e4_New-MsSqlConnection.ps1","1"
"IseSteroids\GithubGist\guitarrapc_3d1af4a26d023bb5c005_raw_6c1cbc31034902f1b23e63ce6fd773595f0f59dc_StringEvaluationItem.ps1","1"
"IseSteroids\GithubGist\ianbattersby_4546636_raw_8bef5088c2c412da77200411bcb73fa41a7f875c_gistfile1.ps1","1"
"IseSteroids\GithubGist\jen20_11290410_raw_c3e177f0f8d48bfa3168785f068279ee9a6162b1_pin-vs.ps1","1"
"IseSteroids\GithubGist\kondratyev-nv_1d2de9ec85a93572ebc7_raw_13ab41fa2c7265c78aa7a405bc05b982ddfce795_rename.ps1","1"
"IseSteroids\GithubGist\mpicker0_5680072_raw_88756c9d6cf306e0b0824a6cd98b917f06a3ee03_Create-WebConfigTransform.ps1","1"
"IseSteroids\GithubGist\n-fukuju_8487441_raw_397ce52f2951f1e8edb2b6c510b397ac82766825_getlogonuser.ps1","1"
"IseSteroids\GithubGist\nblumhardt_9884287_raw_0062236de71da5158f0953d24940b4c3b250c981_Octopus.Features.IISWebSite_BeforePostDeploy.ps1","1"
"IseSteroids\GithubGist\philoushka_2a1e4cc5fa727c1bbcb7_raw_1098e126bc3cba8d586c5e74fbbee7c1e584ed6e_PoodleBlock.ps1","1"
"IseSteroids\GithubGist\seankearon_04d4f152f81f0e5f2146_raw_7aa9ea5f045db452214e1e97e7268177a54c036e_get-script-folder.ps1","1"
"IseSteroids\GithubGist\seraphy_8293523_raw_b93f5f68910cae59cc0456027e6bb9504e78ef1b_MeasureLineCounter.ps1","1"
"IseSteroids\GithubGist\WilbertOnGithub_2137097_raw_4a275fa81e678dfaee37c3550b31db61cfa72e71_postgitsvn.ps1","1"
"IseSteroids\GithubGist\zippy1981_1586729_raw_7e46e3e35428757ce9a9a88bbdd42662ea6e3f85_integerDivision.test.ps1","1"
"IseSteroids\PoshCode\134032f9-0687-4d0a-b267-6a42e5c116df.ps1","1"
"IseSteroids\PoshCode\62334bcd-6366-4c6e-b6ae-220d2a0dc2f5.ps1","1"
"IseSteroids\PoshCode\Add EventLogs to Mongo.ps1","1"
"IseSteroids\PoshCode\Add-SharePointLibraryFil.ps1","1"
"IseSteroids\PoshCode\Audit NTFS on Shares_2.ps1","1"
"IseSteroids\PoshCode\CertMgmt pack_4.ps1","1"
"IseSteroids\PoshCode\Check-LotusHealth.ps1","1"
"IseSteroids\PoshCode\Compare-PathAcl.ps1","1"
"IseSteroids\PoshCode\Custom Accelerators.ps1","1"
"IseSteroids\PoshCode\Debug Regex match.ps1","1"
"IseSteroids\PoshCode\Get-FSMORoleOwner.ps1","1"
"IseSteroids\PoshCode\Invoke-ElevatedCommand_1.p.ps1","1"
"IseSteroids\PoshCode\Join-Collections.ps1","1"
"IseSteroids\PoshCode\Monitor-FileSize.ps1","1"
"IseSteroids\PoshCode\New-PemFile.ps1","1"
"IseSteroids\PoshCode\New-StoredProcFunction_3.ps1","1"
"IseSteroids\PoshCode\New-Struct 3.ps1","1"
"IseSteroids\PoshCode\NPS Server Synchronize.ps1","1"
"IseSteroids\PoshCode\PrinterActivity.ps1","1"
"IseSteroids\PoshCode\Rotate-Right.ps1","1"
"IseSteroids\PoshCode\Select w_ subproperties.ps1","1"
"IseSteroids\PoshCode\Select-EnumeratedType.ps1","1"
"IseSteroids\PoshCode\Set Active Sync DeviceID.ps1","1"
"IseSteroids\PoshCode\Start-SQL 1.0.ps1","1"
"IseSteroids\PoshCode\Sync-Time_1.ps1","1"
"IseSteroids\PoshCode\Take-Screenshot.ps1","1"
"IseSteroids\PoshCode\Twitbrain cheat.ps1","1"
"IseSteroids\PoshCode\Workstation_users Matrix.ps1","1"
"IseSteroids\PowerShellGallery\Blue\1.0.124\Tests\ResourceGroup\ResourceGroup.Tests.ps1","1"
"IseSteroids\PowerShellGallery\MVA_DSC_2015_DAY1\0.0.0.2\Scripts\Reskit9\All Resources\xSQLServer\Examples\SQL-Standalone.ps1","1"
"IseSteroids\PowerShellGallery\PowerShell-Toolmaking\1.0.0.19\Chapters\using-net-framework-raw\Example.ps1","1"
"IseSteroids\PowerShellGallery\PowervRA\2.2.0\Functions\Public\iaas-proxy-provider\Get-vRANATNetworkProfile.ps1","1"
"IseSteroids\PowerShellGallery\psake\4.6.0\examples\formattaskname_scriptblock.ps1","1"
"IseSteroids\PowerShellGallery\psKeePass\0.0.0.7\common\specific.ps1","1"
"IseSteroids\PowerShellGallery\PSLDAPQueryLogging\1.0\Public\Test-LDAPQueryLoggingPrerequisites.ps1","1"
"IseSteroids\PowerShellGallery\PSRemotely\1.0.4\lib\Pester\3.3.14\Functions\Assertions\Should.Tests.ps1","1"
"IseSteroids\PowerShellGallery\Rivet\0.8.1\Functions\Columns\New-UniqueIdentifierColumn.ps1","1"
"IseSteroids\PowerShellGallery\valentia\0.5.2.3\Functions\Helper\ScheduledTask\Remove-ValentiaScheduledTaskEmptyDirectoryPath.ps1","1"
"IseSteroids\PowerShellGallery\Vaporshell\0.7.3\Public\Condition Functions\Add-ConIf.ps1","1"
"IseSteroids\PowerShellGallery\Vaporshell\0.7.3\Public\Resource Property Types\Add-VSEC2InstanceInstanceIpv6Address.ps1","1"
"IseSteroids\PowerShellGallery\Vaporshell\0.7.3\Public\Resource Property Types\Add-VSSSMAssociationParameterValues.ps1","1"
"IseSteroids\PowerShellGallery\Vaporshell\0.7.3\Public\Resource Types\New-VSEC2VPC.ps1","1"
"IseSteroids\PowerShellGallery\WFTools\0.1.44\Get-NetworkStatistics.ps1","1"
"IseSteroids\PowerShellGallery\xSCSMA\1.5.0.0\Examples\SCSMA-MultiInstance-TP.ps1","1"
"IseSteroids\Technet\CopyFilesAndFolders.ps1","1"
"IseSteroids\Technet\CountEmailsGroupByMonth.ps1","1"
"IseSteroids\Technet\create_localadmin.ps1","1"
"IseSteroids\Technet\Exchange - Quick Configurator.ps1","1"
"IseSteroids\Technet\FindAndMoveEmptyGroups.ps1","1"
"IseSteroids\Technet\Generate Powershell WMI Class Scripts.ps1","1"
"IseSteroids\Technet\Get-ADSchemaReport2013.ps1","1"
"IseSteroids\Technet\Get-IPObjectDefaultEnabledFormatNonIPOutput.ps1","1"
"IseSteroids\Technet\Get-MAXConcurrentAPIReport.ps1","1"
"IseSteroids\Technet\Get-RecentEvents.ps1","1"
"IseSteroids\Technet\Get-ShareSize.ps1","1"
"IseSteroids\Technet\Get-SPLists.ps1","1"
"IseSteroids\Technet\Get-WUInstallerStatus (2).ps1","1"
"IseSteroids\Technet\ImportWSUSUpdates.ps1","1"
"IseSteroids\Technet\locked_complete_technet.ps1","1"
"IseSteroids\Technet\logonactivity.ps1","1"
"IseSteroids\Technet\netstat.ps1","1"
"IseSteroids\Technet\PublishAllProjects.ps1","1"
"IseSteroids\Technet\RebrandOWA.PS1","1"
"IseSteroids\Technet\RecoverListFromUnAttachedContentDB.ps1","1"
"IseSteroids\Technet\Remove-ComObject.ps1","1"
"IseSteroids\Technet\ResetExplicitDACLsOnFolders.ps1","1"
"IseSteroids\Technet\Resolve-ASN.ps1","1"
"IseSteroids\Technet\Select-FromTextMenu.ps1","1"
"IseSteroids\Technet\Send-LotusNotesMail.ps1","1"
"IseSteroids\Technet\SetOSCCsUserPhoto.ps1","1"
"IseSteroids\Technet\settings.ps1","1"
"IseSteroids\Technet\StopWatch-Community-Edition.ps1","1"
"IseSteroids\Technet\StripedBackupOfSqlServerDatabases.ps1","1"
"IseSteroids\Technet\vmprocs.ps1","1"
"IseSteroids\PowerShellGallery\AutomatedLab\3.9.0.6\AutomatedLabSQL.psm1","1"
"IseSteroids\PowerShellGallery\CISPowerShell\2.3\CISPowerShell.psm1","1"
"IseSteroids\PowerShellGallery\PowerCLITools\1.0.1\Functions\Get-VMSCSIID.psm1","1"
"IseSteroids\PowerShellGallery\PSCI\1.1.7\dsc\ext\PsGallery\xNetworking.3.2.0.0\DSCResources\MSFT_xDefaultGatewayAddress\MSFT_xDefaultGatewayAddress.psm1","1"
"IseSteroids\Technet\SnippetModule.psm1","1"
"IseSteroids\Technet\WindowsKeyBinding (2)_1.psm1","1"
"IseSteroids\Github\adamblake_chocolatey-packages\gpower\tools\chocolateyinstall.ps1","1"
"IseSteroids\Github\adamblake_chocolatey-packages\gpower\tools\chocolateyuninstall.ps1","1"
"IseSteroids\Github\adamblake_chocolatey-packages\jasp\tools\chocolateyinstall.ps1","1"
"IseSteroids\Github\adamblake_chocolatey-packages\jasp\update.ps1","1"
"IseSteroids\Github\Aleksandr-Lytysov_boor-crosser\book-crosser\packages\jQuery.1.10.2\Tools\uninstall.ps1","1"
"IseSteroids\Github\alexandrev_battery-warrior\PowerWarriorPS.ps1","1"
"IseSteroids\Github\amitbed_workshop-mvc\ForumApplication\packages\jQuery.1.8.2\Tools\install.ps1","1"
"IseSteroids\Github\amitbed_workshop-mvc\ForumApplication\packages\Modernizr.2.6.2\Tools\common.ps1","1"
"IseSteroids\Github\andreeahitruc_Licenta2015\Backend\Back_F\packages\jQuery.1.8.2\Tools\common.ps1","1"
"IseSteroids\Github\andreeahitruc_Licenta2015\Backend\Back_F\packages\jQuery.1.8.2\Tools\install.ps1","1"
"IseSteroids\Github\andreeahitruc_Licenta2015\Backend\Back_F\packages\Modernizr.2.6.2\Tools\install.ps1","1"
"IseSteroids\Github\arachan_PrinterInstallList\function\create-printer.ps1","1"
"IseSteroids\Github\bielawb_EWS\EWS\New-EWSFolder.ps1","1"
"IseSteroids\Github\bjarniko_VLN2\ICESolution\packages\jQuery.1.10.2\Tools\install.ps1","1"
"IseSteroids\Github\Campermortey_SWC-Blackboard\ManagementSystem\packages\jQuery.1.10.2\Tools\install.ps1","1"
"IseSteroids\Github\Campermortey_SWC-Blackboard\ManagementSystem\packages\Modernizr.2.6.2\Tools\common.ps1","1"
"IseSteroids\Github\christianjaeckle_Powershell-Scripts\WriteShow-Log\WriteShow-Log.ps1","1"
"IseSteroids\Github\cpaton_MachineConfig\Utilities.ps1","1"
"IseSteroids\Github\CS4790S17_AFAF_SandboxRepo\PlayProject\packages\jQuery.1.10.2\Tools\install.ps1","1"
"IseSteroids\Github\dotps1_PSFunctions\Functions\New-ADUserName.ps1","1"
"IseSteroids\Github\e3v_KeepThis\Scripts\Control-Panel\DateTime.ps1","1"
"IseSteroids\Github\elaineslvt_Testes\Testes_Way2\packages\jQuery.1.8.2\Tools\common.ps1","1"
"IseSteroids\Github\elaineslvt_Testes\Testes_Way2\packages\jQuery.1.8.2\Tools\install.ps1","1"
"IseSteroids\Github\EtienneDeneuve_Powershell\SideLoadNoSCCM\MainScript.ps1","1"
"IseSteroids\Github\fedyuk_ASP-MVC\AspNetTutorial\packages\jQuery.UI.Combined.1.8.24\Tools\common.ps1","1"
"IseSteroids\Github\fedyuk_ASP-MVC\AspNetTutorial\packages\Modernizr.2.6.2\Tools\common.ps1","1"
"IseSteroids\Github\fil-eadr_asp-mvc-MiF\MiFWebSolution\packages\jQuery.1.10.2\Tools\install.ps1","1"
"IseSteroids\Github\fil-eadr_asp-mvc-MiF\MiFWebSolution\packages\Modernizr.2.6.2\Tools\common.ps1","1"
"IseSteroids\Github\g60wall_Port-SCAN\Port-Scan.ps1","1"
"IseSteroids\Github\geoyogesh_geoprocessingservice\GeoprocessingService\packages\Nancy.Viewengines.Razor.0.12.1\Tools\GetNancyRazorBuildProviderPostBuildCmd.ps1","1"
"IseSteroids\Github\gustavoquevedo_feedback-survey-mvc\FeedbackSurvey\packages\jQuery.1.10.2\Tools\common.ps1","1"
"IseSteroids\Github\hl2guide_software-updater-windows-10-64bit\Software Updater\update_software.ps1","1"
"IseSteroids\Github\igotabs_test1\ConsoleApplication1\packages\OctoPack.3.4.6\tools\Install.ps1","1"
"IseSteroids\Github\JacoMiXTelematics_Scripts\_ps1\Cleanup_Logs_v1.ps1","1"
"IseSteroids\Github\JacoMiXTelematics_Scripts\_ps1\test.ps1","1"
"IseSteroids\Github\JacoMiXTelematics_Scripts\_vsconfigbackup\.vscode\extensions\ms-vscode.PowerShell-0.7.2\examples\ExtensionExamples.ps1","1"
"IseSteroids\Github\JacoMiXTelematics_Scripts\_vsconfigbackup\.vscode\extensions\ms-vscode.PowerShell-0.7.2\examples\PathProcessingNoWildcards.ps1","1"
"IseSteroids\Github\JacoMiXTelematics_Scripts\_vsconfigbackup\.vscode\extensions\ms-vscode.PowerShell-0.7.2\scripts\Start-EditorServices.ps1","1"
"IseSteroids\Github\JefTek_O365D2MTTools\O365D2MTTools\O365D2MTTools\O365D2MTTools.tests.ps1","1"
"IseSteroids\Github\jvinhit_WCFProject\ProjectMVC\packages\jQuery.1.10.2\Tools\install.ps1","1"
"IseSteroids\Github\kalui-msft_Kev6\.openpublishing.build.ps1","1"
"IseSteroids\Github\kevinley94_Week6CodeChallenge\Week6CodeChallenge\packages\jQuery.1.10.2\Tools\common.ps1","1"
"IseSteroids\Github\kimizhu_kimizhuRepo1104075208\.openpublishing.build.ps1","1"
"IseSteroids\Github\kubikdanon_IT-2320\Final Project\packages\jQuery.1.10.2\Tools\common.ps1","1"
"IseSteroids\Github\lemusjimmy_functions_powershell\hand_objects.ps1","1"
"IseSteroids\Github\loutyl_Porte-folio\Porte folio\packages\Newtonsoft.Json.6.0.7\tools\install.ps1","1"
"IseSteroids\Github\melzoghbi_O365API\WebAPICore1\Properties\PublishProfiles\IntuPowerAPI - Web Deploy-publish.ps1","1"
"IseSteroids\Github\nkiruthikkumar_powershellscripts\createVM4SP2016-S1.ps1","1"
"IseSteroids\Github\OPS-E2E-PPE_E2E_D_NewRepo_2017_4_21_21_58_22\.openpublishing.build.ps1","1"
"IseSteroids\Github\PCFDev_i2b2-Windows-Installer\uninstall-shrine.ps1","1"
"IseSteroids\Github\Phoenix5_SupriseProject\InterviewSelectionProcess-build1\packages\Newtonsoft.Json.6.0.4\tools\install.ps1","1"
"IseSteroids\Github\Phoenix5_SupriseProject\InterviewSelectionProcess-build11\packages\Newtonsoft.Json.6.0.4\tools\install.ps1","1"
"IseSteroids\Github\Phoenix5_SupriseProject\InterviewSelectionProcess-build5\packages\Newtonsoft.Json.6.0.4\tools\install.ps1","1"
"IseSteroids\Github\Phoenix5_SupriseProject\InterviewSelectionProcess-build6\packages\jQuery.1.12.4\Tools\install.ps1","1"
"IseSteroids\Github\Phoenix5_SupriseProject\InterviewSelectionProcess-build6\packages\Modernizr.2.6.2\Tools\install.ps1","1"
"IseSteroids\Github\Phoenix5_SupriseProject\InterviewSelectionProcess-build6\packages\Newtonsoft.Json.6.0.4\tools\install.ps1","1"
"IseSteroids\Github\Phoenix5_SupriseProject\InterviewSelectionProcess-build8\packages\Modernizr.2.6.2\Tools\install.ps1","1"
"IseSteroids\Github\Phoenix5_SupriseProject\InterviewSelectionProcess-build8\packages\Newtonsoft.Json.6.0.4\tools\install.ps1","1"
"IseSteroids\Github\Phoenix5_SupriseProject\SendMail\packages\jQuery.1.10.2\Tools\install.ps1","1"
"IseSteroids\Github\Phoenix5_SupriseProject\SendMail\packages\Modernizr.2.6.2\Tools\install.ps1","1"
"IseSteroids\Github\projetohelenos_helenos.api\Helenos\packages\jQuery.1.8.2\Tools\common.ps1","1"
"IseSteroids\Github\projetohelenos_helenos.api\Helenos\packages\jQuery.UI.Combined.1.8.24\Tools\install.ps1","1"
"IseSteroids\Github\RasmusLundquist_Labb2-Webb-Och-Mobil-Utveckling\WebApi\packages\jQuery.1.10.2\Tools\common.ps1","1"
"IseSteroids\Github\RasmusLundquist_Labb2-Webb-Och-Mobil-Utveckling\WebApi\packages\Newtonsoft.Json.6.0.4\tools\install.ps1","1"
"IseSteroids\Github\rosswickman_AWS-KMS-KeyStatus\GetKeys.ps1","1"
"IseSteroids\Github\simbajr_MemoryAPI\MemoryAPI\packages\AWSSDK.Core.3.1.4.4\tools\account-management.ps1","1"
"IseSteroids\Github\smacken_psprofile\Alias.ps1","1"
"IseSteroids\Github\smitsdj_auto-man\NuGet.Packager1\NuGet.Packager1\NuGetPackage.ps1","1"
"IseSteroids\Github\Statoil_mad-vsts-tasks\Tasks\MADSetupKeyVaultAccess\SetupKeyVaultAccess.ps1","1"
"IseSteroids\Github\Statoil_mad-vsts-tasks\Tasks\MADSetupKeyVaultAccess\Util.ps1","1"
"IseSteroids\Github\stknohg_EasyODACInstaller\Install.ps1","1"
"IseSteroids\Github\ThePickNick_Scripts\CheckSQLHealth.ps1","1"
"IseSteroids\Github\willprice_devbox-windows\setup.ps1","1"
"IseSteroids\Github\willyd_PsUtils\lib\Invoke-BatchFile.ps1","1"
"IseSteroids\Github\willyd_PsUtils\install.ps1","1"
"IseSteroids\Github\XuanDo09_OOP\DemoMVC\packages\jQuery.1.10.2\Tools\common.ps1","1"
"IseSteroids\Github\XuanDo09_OOP\DemoMVC\packages\Modernizr.2.6.2\Tools\common.ps1","1"
"IseSteroids\Github\yummybinary_webcuss\WebCuss\packages\Modernizr.2.6.2\Tools\common.ps1","1"
"IseSteroids\GithubGist\adbertram_3d820b6062c2b30cdaca_raw_631e775153883c4b77e9085566ab5075070a45d7_gistfile1.ps1","1"
"IseSteroids\GithubGist\adoprog_5605387_raw_dc48002eaeeff9f1bcfba3567598487a16bf49c2_gistfile1.ps1","1"
"IseSteroids\GithubGist\alienone_3f21fcd376187bd8871a_raw_1106521efbc04af855188b5f07e82f461b650cda_adjust_firewall.ps1","1"
"IseSteroids\GithubGist\alienone_a42644cee90c244296d2_raw_90a1b4851394ea17d64059de72102bc7ad25cd57_connector_inventory.ps1","1"
"IseSteroids\GithubGist\andyb5051_0380694726d6ade84809_raw_9f2002d73a93f2d7a4ac19f03b178269ea077c91_Boxstarter-Script.ps1","1"
"IseSteroids\GithubGist\Astn_6e1f27aae1fff631f441_raw_a121f23b429dc55c76c820325c6507caa256fcef_all-git-remove-config-for-nustache.ps1","1"
"IseSteroids\GithubGist\BlueManiac_8e989e6defee486ec560_raw_764371d700c32164843f3cb7d88c809e737d7aec_Restore%20database%20backup%20to%20localdb.ps1","1"
"IseSteroids\GithubGist\brunomlopes_165857_raw_07fd19d556d2d4c6863e4ddf6e78b0cbe8a97f2d_archive_downloads.ps1","1"
"IseSteroids\GithubGist\chgeuer-duplicate_1054674_raw_5e8fc7b4ff6e0430175ca74ff36577a18d0a0b76_Download-SysInternals.ps1","1"
"IseSteroids\GithubGist\codingoutloud_6782961_raw_2aee061f8ca07e78ca795092cad2ebff8e157223_which.ps1","1"
"IseSteroids\GithubGist\coza73_c9f56bfe8b05cd17ac88_raw_3895d14a742570afd704da7bf7d44f11becaf969_vSphere_SysLogCollector_Shortcut.ps1","1"
"IseSteroids\GithubGist\dfinke_8127413_raw_e789ce79fb7bd06fc0231be99a6a8a711f5d38e9_ConvertTo-PigLatin.ps1","1"
"IseSteroids\GithubGist\dotps1_709bf487ba5f9967b45f_raw_27b817006e03db3b87dca5f4cf72a32cde2da2f6_Convert-MACAddressDelimiter.ps1","1"
"IseSteroids\GithubGist\fe80Grau_9682010_raw_094de5212a67e0e606b529150f664bef764d0d12_ADDS.ps1","1"
"IseSteroids\GithubGist\fengyitsai_6948146_raw_f2307cb5e4d7d7c73c51162e35bfe5a763345b2d_gistfile1.ps1","1"
"IseSteroids\GithubGist\glombard_7457530_raw_5adf52f7ed52ac531b1f250ce96cf54e98d523d7_get-jenkins-git-plugins.ps1","1"
"IseSteroids\GithubGist\gravejester_bf39cd17808ae89598d0_raw_17591be0dd06125c430024e71572b62f1b49e762_Invoke-SqlCommand.ps1","1"
"IseSteroids\GithubGist\gunungloli666_5716746_raw_ad3c53cd521927597c7640805851138b0f0d3df9_sph.ps1","1"
"IseSteroids\GithubGist\hotpicklesoup_a084d3da7475b8584728_raw_5d7c65cf5460bc2e8c3e9693b3a9e866a0c30ced_UpdateFirewallConfig.ps1","1"
"IseSteroids\GithubGist\inoues_9654742_raw_266daf47b9b6662f98cfb8b9c13d0fcf99605696_ping_chek.ps1","1"
"IseSteroids\GithubGist\janikvonrotz_6247871_raw_3aa26fe8d437566e113e69cf1af6bce628ba9642_New-ADUsers.ps1","1"
"IseSteroids\GithubGist\jayotterbein_438ae58b5ab9f64399ea_raw_c35a8ff076d34979dbd312750f62298ccb61e7c8_sln.ps1","1"
"IseSteroids\GithubGist\JeremySkinner_411950_raw_bb103fe04fe3fe257a900d178070cdcee0b1fb47_Profile.ps1","1"
"IseSteroids\GithubGist\Jiangtang_5420439_raw_404dca8f1cd0af628e62d4b1723060e90d6506fe_SasMetadataGetColumns.ps1","1"
"IseSteroids\GithubGist\johnallers_4548e4316deff13da00b_raw_373486fa70c13923c9d7f1d107b761359b7520f5_Use-Impersonation.ps1","1"
"IseSteroids\GithubGist\johnrey1_8344393_raw_e62f4367006979111bd9f698501c6ec5dd894549_gistfile1.ps1","1"
"IseSteroids\GithubGist\jokcofbut_5019850_raw_6e99134e2e796ce38b212adcdc73c1d061347e52_UpdateToLatestLiveVersionOfAPackage_Solution.ps1","1"
"IseSteroids\GithubGist\JonasGroeger_301db5e64afdcd90e71e_raw_e084376972e4e0bcdc030e9cacec50e85592832a_Clean-Temporary-Files.ps1","1"
"IseSteroids\GithubGist\jonnii_4271442_raw_e9f8b646c9e9117a1c0eab79b0893ae90a8c3b4e_quick-restart.ps1","1"
"IseSteroids\GithubGist\jonschoning_1149265_raw_7f5a60fc896b1b3d3a62d3b4c5a90d304a07761d_Get-SubDirSizes.ps1","1"
"IseSteroids\GithubGist\justFen_2782653_raw_153e0a724b27f57f7eabf2913867eff416343e28_AutoVM.ps1","1"
"IseSteroids\GithubGist\kyam_5575898_raw_8ef8db78d4b33558dd7dd3065a02263049b9bca0_Listed_InstalledApps.ps1","1"
"IseSteroids\GithubGist\mbrownnycnyc_6877244fdfc095625549_raw_11eb4ca858250cb0ddf86b2c8b269af478b3896c_make-achart.ps1","1"
"IseSteroids\GithubGist\mefellows_9a67b17a571fcffa1bd0_raw_fd41f7383568ec492744a315fa1e502dbbe854fc_gistfile1.ps1","1"
"IseSteroids\GithubGist\michaelherndon_eaf19bf88e8388ef757e_raw_96ab043d2716efc346f7b98ac6913a00ba373905_examples.ps1","1"
"IseSteroids\GithubGist\miwaniza_9041042_raw_fb97311756dccedc091f358af6ff9f19c6ffcf65_Login-VaultServer-Cmd_Ed.ps1","1"
"IseSteroids\GithubGist\mlinnell_9733cf344bba270cc5c5_raw_d9e1c4de6bff8239bf548a1727bcac4b12c8e6d6_read_and_discard.ps1","1"
"IseSteroids\GithubGist\mrdaemon_758948_raw_77e8522804f897f9d4a7dd31555309d5d45eb03d_hyperv-r2-configonly-import.ps1","1"
"IseSteroids\GithubGist\mubix_b0fee7ba02ba8a225125_raw_a29a2fa819a61309f08bbe812d74dcde0766ae38_powershellpopup.ps1","1"
"IseSteroids\GithubGist\mwjcomputing_4717642_raw_a936466520dda8f7cf58b515c4a42ddba453cf20_Get-DaysUntilBSidesDetroit.ps1","1"
"IseSteroids\GithubGist\mwrock_5130865_raw_a81f0f70648db3e9da1683dffa48a030c56f6152_gistfile1.ps1","1"
"IseSteroids\GithubGist\n-fukuju_8487498_raw_cdd93509bdb2130315b812b9b2d80e20001b69d2_getfoldersize.ps1","1"
"IseSteroids\GithubGist\NotMyself_e310fc01b941491fcd89_raw_e3fefeda5ef3b32064555a1e696c35b8ecb71272_gistfile1.ps1","1"
"IseSteroids\GithubGist\nskerl_8985365_raw_844828bb13f5c2946a2a33a8cc14e568cb3ddf0b_Deploy.ps1","1"
"IseSteroids\GithubGist\obsidience_9946855_raw_71a4cab66c2c9e1617f2b0dba1e9ed2657e7b1f3_Fix-InvalidDates.ps1","1"
"IseSteroids\GithubGist\oxo42_7672630_raw_5a515d971ac1aee835b56e717001dc098da4bbca_gistfile1.ps1","1"
"IseSteroids\GithubGist\philoushka_08d58dce415201ffabd1_raw_e584300fc1f5963c44afa952f9dbd99ef5325b3b_NewEventLog.ps1","1"
"IseSteroids\GithubGist\piers7_6432985_raw_9a5c62dbf11794b8214601d093401d1951d334a7_Load-TeamCityProperties.ps1","1"
"IseSteroids\GithubGist\pjmagee_5659973_raw_990df12fe852523ea6946a8754c5e7c961073df5_creationdate.ps1","1"
"IseSteroids\GithubGist\pkskelly_097bb3e6aa3cafe4cb08_raw_4f811f84c6269bb64ec4fd515892f44042c9c975_Add-SPListItemsFromCSV.ps1","1"
"IseSteroids\GithubGist\ranniery_1063498091a21b82e68c_raw_9d817a3d8486a7415a9768f08730dc8b7b2590f6_RepairWMI.ps1","1"
"IseSteroids\GithubGist\rberrelleza_5870412_raw_25c3965e00ee9a09e0fe6e257ae6fef0655e4e7f_add-users.ps1","1"
"IseSteroids\GithubGist\rkeithhill_46b9c22407d067af8534_raw_17427eb4cbab23a64c82ca13a2044488dd263f2f_Go.ps1","1"
"IseSteroids\GithubGist\roberto-reale_712c70d55f3dc9d49335_raw_d70cd32997d51113c11fcddffb7a0e48fba8fc1a_rename_files_iso8601_with_progressive_id.ps1","1"
"IseSteroids\GithubGist\rucka_4391732_raw_a058b5aced8d263315bd4c015efd22908fcd64c2_build-2012-ppt-download.ps1","1"
"IseSteroids\GithubGist\russellds_9688526_raw_9a7cf684053a6f16c799fc7ed4d3ade3162985b1_ConvertFrom-Html.ps1","1"
"IseSteroids\GithubGist\santifdezmunoz_166397_raw_ff3fa6f1048cfdd8bb9da82a87c13fa57c15a304_listACL.ps1","1"
"IseSteroids\GithubGist\sempervictus_6076104_raw_7d3fd7272cd613e4a27aaf0e357fe2cf353d624a_gistfile1.ps1","1"
"IseSteroids\GithubGist\StevenMcD_4008594_raw_a93339004453e006c5b6f46fd8729c682864e2f4_TeamCity_helperFunctions.ps1","1"
"IseSteroids\GithubGist\sunnyc7_8694149_raw_420e8f279baee62bb9042eb61ead0e9bb3d72fe3_Invoke-CommandAST.ps1","1"
"IseSteroids\GithubGist\t-mat_8771347_raw_7e40d33fd6b2d64c5278b64a995d0d80d598bc66_keyrate.ps1","1"
"IseSteroids\GithubGist\talatham_5774395_raw_73fb8a83e1281d9b2dfcbcd2c6e798240b94d09e_checkmachineforhotfix.ps1","1"
"IseSteroids\GithubGist\tanaka-takayoshi_8066824_raw_bf804bf48e33c2015a0702f108f584fd80e50c16_Get-SystemPowerStatus.ps1","1"
"IseSteroids\GithubGist\threecourse_7852959_raw_f894a4d5e06660e7ba3d264bdaa3e2a90ee59d45_CSharpCompileRun.ps1","1"
"IseSteroids\GithubGist\tkmtmkt_2326853_raw_322be0e5fc52c9d4fc332129e7eabc44137a1131_gistfile1.ps1","1"
"IseSteroids\GithubGist\togakangaroo_7357291_raw_a210e92ef70c9cbd00aa7680f8c1d308b4789d7e_Transfer-SvnToHgCommits.ps1","1"
"IseSteroids\GithubGist\tophatsteve_2888783_raw_ae121fb938493a28eaebc94bb770a5e391d9533d_GenerateFunction.ps1","1"
"IseSteroids\GithubGist\victorvogelpoel_9328904_raw_a1fd899261cd0a5dc82b0e6c9e1c67607151fab4_Get-WSManCredSSPConfiguration.ps1","1"
"IseSteroids\GithubGist\wishi_255625_raw_0ccf27cc76cb785d2682330a152824b70eac92c3_ssh-agent-utils.ps1","1"
"IseSteroids\PoshCode\1c3a8f71-b8a5-455c-bc04-31657019f3d5.ps1","1"
"IseSteroids\PoshCode\Add CounterPaths 2 Mongo.ps1","1"
"IseSteroids\PoshCode\Add-SVNFile.ps1","1"
"IseSteroids\PoshCode\Amazon AWS user data.ps1","1"
"IseSteroids\PoshCode\Automount new PSDrives.ps1","1"
"IseSteroids\PoshCode\Build-TFSProjects_2.ps1","1"
"IseSteroids\PoshCode\Check PowerShell version.ps1","1"
"IseSteroids\PoshCode\Check Service on Servers.ps1","1"
"IseSteroids\PoshCode\chkhash_16.ps1","1"
"IseSteroids\PoshCode\chkhash_8.ps1","1"
"IseSteroids\PoshCode\Clear-XCAttributes_1.ps1","1"
"IseSteroids\PoshCode\Convert-BounceToX_2.ps1","1"
"IseSteroids\PoshCode\Convert-ToCHexString_4.ps1","1"
"IseSteroids\PoshCode\d25bbfc1-3d3f-42bb-a09e-67e69e89a865.ps1","1"
"IseSteroids\PoshCode\demo.ps1","1"
"IseSteroids\PoshCode\Exchange Services.ps1","1"
"IseSteroids\PoshCode\Export-SPListToSQL.ps1","1"
"IseSteroids\PoshCode\FastNFS - PowerCLI.ps1","1"
"IseSteroids\PoshCode\fc6a6ed7-a2a0-4a41-af75-9b06c4fba5de.ps1","1"
"IseSteroids\PoshCode\Find Local Group Members.ps1","1"
"IseSteroids\PoshCode\Find-Replace.ps1","1"
"IseSteroids\PoshCode\Findup_7.ps1","1"
"IseSteroids\PoshCode\FTP upload_6.ps1","1"
"IseSteroids\PoshCode\Get Twitter RSS Feed_3.ps1","1"
"IseSteroids\PoshCode\Get-ADGroupMembers_4.ps1","1"
"IseSteroids\PoshCode\Get-DiskSizeInfo.ps1","1"
"IseSteroids\PoshCode\Get-Gender_1.ps1","1"
"IseSteroids\PoshCode\Get-LocalGroupMembers.ps1","1"
"IseSteroids\PoshCode\Get-MemoryChart_1.ps1","1"
"IseSteroids\PoshCode\Get-OnlineHelp_1.ps1","1"
"IseSteroids\PoshCode\Get-PasswordExpiredUser_1.ps1","1"
"IseSteroids\PoshCode\Get-RemoteRegistry_3.ps1","1"
"IseSteroids\PoshCode\Get-WindowsExperience_1.ps1","1"
"IseSteroids\PoshCode\Google Chromium Download.ps1","1"
"IseSteroids\PoshCode\Invoke-MoveRequest_2.ps1","1"
"IseSteroids\PoshCode\lazywinadmin.com.ps1","1"
"IseSteroids\PoshCode\ModuleWriteError.psd1.ps1","1"
"IseSteroids\PoshCode\NetSnmp.psm1.ps1","1"
"IseSteroids\PoshCode\New-SqlConnectionString.ps1","1"
"IseSteroids\PoshCode\New-XVM_10.ps1","1"
"IseSteroids\PoshCode\New-XVM_4.ps1","1"
"IseSteroids\PoshCode\NTFS ACLs Folder Tree_2.ps1","1"
"IseSteroids\PoshCode\out-playlist.ps1","1"
"IseSteroids\PoshCode\Ping-Host.ps1","1"
"IseSteroids\PoshCode\Ping-Host_2.ps1","1"
"IseSteroids\PoshCode\PowerBot 2.0.ps1","1"
"IseSteroids\PoshCode\PowerChart _1.5.ps1","1"
"IseSteroids\PoshCode\PrinterQueStatistics.ps1","1"
"IseSteroids\PoshCode\Read-Choice_1.ps1","1"
"IseSteroids\PoshCode\ScheduleGPOBackups.ps1","1"
"IseSteroids\PoshCode\Set-IPAddress_1.ps1","1"
"IseSteroids\PoshCode\Set-Wallpaper (CTP3)_3.ps1","1"
"IseSteroids\PoshCode\SharpSsh Functions_3.ps1","1"
"IseSteroids\PoshCode\Speech Recognition 2.ps1","1"
"IseSteroids\PoshCode\Start-ISE.ps1","1"
"IseSteroids\PoshCode\style acording video res_1.ps1","1"
"IseSteroids\PoshCode\TabExpansion for V2CTP_6.ps1","1"
"IseSteroids\PoshCode\Test-Help.ps1","1"
"IseSteroids\PoshCode\Test-TCPPort_2.ps1","1"
"IseSteroids\PoshCode\Test-UserCredential_4.ps1","1"
"IseSteroids\PoshCode\TruncatePath_3.ps1","1"
"IseSteroids\PoshCode\vibackup linux script.ps1","1"
"IseSteroids\PoshCode\VM Performance Report - .ps1","1"
"IseSteroids\PoshCode\WhileTimeout.ps1","1"
"IseSteroids\PoshCode\Write-ASCII-Letters.ps1","1"
"IseSteroids\PoshCode\Write-Log_4.ps1","1"
"IseSteroids\PoshCode\Write-ScriptVariables.ps1","1"
"IseSteroids\PoshCode\_4.168.1.1.ps1","1"
"IseSteroids\PowerShellGallery\ADSchema\0.0.3\tests\ADSchemaAttribute.tests.ps1","1"
"IseSteroids\PowerShellGallery\awp\1.0.0.0\functions\Uninstall-AWP.ps1","1"
"IseSteroids\PowerShellGallery\AzSDK\2.2.0\Framework\Core\SubscriptionSecurity\SecurityCenter.ps1","1"
"IseSteroids\PowerShellGallery\Carbon\2.4.1\Functions\Test-Privilege.ps1","1"
"IseSteroids\PowerShellGallery\CertificateHealth\1.4\Get-CertificateHealth.ps1","1"
"IseSteroids\PowerShellGallery\cFSRM\2.0.1.48\Tests\Integration\BMD_cFSRMClassificationProperty.Integration.Tests.ps1","1"
"IseSteroids\PowerShellGallery\ChefAutomate\0.1.7\functions\Get-ChefAutomateComplianceProfile.ps1","1"
"IseSteroids\PowerShellGallery\CliMenu\1.0.52.0\Functions\New-Menu.ps1","1"
"IseSteroids\PowerShellGallery\Cloud.Ready.Software.NAV\1.0.0.8\Get-NAVApplicationObjectPropertyFromDelta.ps1","1"
"IseSteroids\PowerShellGallery\dbareports\0.2.54\functions\Uninstall-DbaReports.ps1","1"
"IseSteroids\PowerShellGallery\dbatools\0.8.957\functions\Get-DbaMaxMemory.ps1","1"
"IseSteroids\PowerShellGallery\dbatools\0.8.957\functions\Repair-SqlOrphanUser.ps1","1"
"IseSteroids\PowerShellGallery\dbatools\0.8.957\internal\configurations\computermanagement.handler.ps1","1"
"IseSteroids\PowerShellGallery\dbatools\0.8.957\internal\Get-OfflineSqlFileStructure.ps1","1"
"IseSteroids\PowerShellGallery\EWS\1.1\Get-EWSFolder.ps1","1"
"IseSteroids\PowerShellGallery\EZOut\1.4\Add-TypeData.ps1","1"
"IseSteroids\PowerShellGallery\Heatmap\1.0\Remove-HeatmapCounter.ps1","1"
"IseSteroids\PowerShellGallery\IntelliTect.PSDropbin\0.7.1.0\PSDropNew\Move-Item.ps1","1"
"IseSteroids\PowerShellGallery\ISESteroids\2.6.3.30\Fixer\Reformat Structures\Reformat Hashtable\ReformatHashtable.ps1","1"
"IseSteroids\PowerShellGallery\LabinaBox\1.0\DSCResources\xCertificate\2.1.0.0\Examples\Sample_xCertReq_RequestAltSSLCert.ps1","1"
"IseSteroids\PowerShellGallery\LegacyNetworking\1.0.1\Src\Get-LegacyNetFirewallRule.ps1","1"
"IseSteroids\PowerShellGallery\LibGit2\0.3.2\Functions\Test-GitIncomingCommit.ps1","1"
"IseSteroids\PowerShellGallery\MarkdownPS\1.4\New-MDParagraph.Tests.ps1","1"
"IseSteroids\PowerShellGallery\MrANagios\1.2\Get-NagiosXiHostStatus.ps1","1"
"IseSteroids\PowerShellGallery\MVA_DSC_2015_DAY1\0.0.0.2\Scripts\DSC2\Mod4\_M4-Demo.ps1","1"
"IseSteroids\PowerShellGallery\MVA_DSC_2015_DAY2\0.0.0.2\Scripts\Reskit9\All Resources\xSafeHarbor\Assert-SafeHarborScenario.ps1","1"
"IseSteroids\PowerShellGallery\Office365Connect\1.5.0\Disconnect-Office365.ps1","1"
"IseSteroids\PowerShellGallery\omsAgent\1.2\functions\public\Install-omsAgent.ps1","1"
"IseSteroids\PowerShellGallery\PFCore\0.1.22\PFCore-Text.ps1","1"
"IseSteroids\PowerShellGallery\Pipeworks\1.9.9.4\ConvertFrom-InlinePowerShell.ps1","1"
"IseSteroids\PowerShellGallery\posh-git\0.7.1\GitPrompt.ps1","1"
"IseSteroids\PowerShellGallery\PoShMon\0.13.0\Functions\PoShMon.Monitoring.SharePoint\Test-SPSearchHealth.ps1","1"
"IseSteroids\PowerShellGallery\PoshWSUS\2.3.1.2\Scripts\Get-PSWSUSEnabledUpdateLanguages.ps1","1"
"IseSteroids\PowerShellGallery\PowerShell-Toolmaking\1.0.0.19\Chapters\basic-debugging\Step5.ps1","1"
"IseSteroids\PowerShellGallery\PowervRA\2.2.0\Functions\Public\reservation-service\Get-vRAReservationPolicy.ps1","1"
"IseSteroids\PowerShellGallery\PS.HealthChecks\1.0.19\Public\Connect-HealthCheck.ps1","1"
"IseSteroids\PowerShellGallery\PSApigeeEdge\0.2.15\Public\Update-EdgeAppCredential.ps1","1"
"IseSteroids\PowerShellGallery\PSDepend\0.1.51\Private\Add-ObjectDetail.ps1","1"
"IseSteroids\PowerShellGallery\PSExcel\1.0.2\Search-CellValue.ps1","1"
"IseSteroids\PowerShellGallery\PSGSuite\1.2.1\Public\Get-GSUserASP.ps1","1"
"IseSteroids\PowerShellGallery\PSGSuite\1.2.1\Public\Set-PSGSuiteConfig.ps1","1"
"IseSteroids\PowerShellGallery\PSRedSeal\1.2.3.0\public\Invoke-RSDataQuery.ps1","1"
"IseSteroids\PowerShellGallery\PSRedSeal\1.2.3.0\public\Read-RSReport.ps1","1"
"IseSteroids\PowerShellGallery\SharePointDSC\1.7.0.0\Examples\Resources\SPAccessServiceApp\1-CreateServiceApp.ps1","1"
"IseSteroids\PowerShellGallery\SharePointDSC\1.7.0.0\Examples\Resources\SPBCSServiceApp\1-CreateServiceApp.ps1","1"
"IseSteroids\PowerShellGallery\Sitecore.Deployment\0.7.0\Private\SqlDatabasesFunctions.ps1","1"
"IseSteroids\PowerShellGallery\SMLets\0.5.0.1\Scripts\get-mpbinfo.ps1","1"
"IseSteroids\PowerShellGallery\SMLets\0.5.0.1\Test\test007.ps1","1"
"IseSteroids\PowerShellGallery\TEApi\1.144\Public\Get-TEApiUsage.ps1","1"
"IseSteroids\PowerShellGallery\Unity-Powershell\0.14.2\Public\Test-UnityEmailAlert.ps1","1"
"IseSteroids\PowerShellGallery\valentia\0.5.2.3\Functions\Helper\Group\New-ValentiaGroup.ps1","1"
"IseSteroids\PowerShellGallery\WebKitDev\0.1.1\Functions\Install-Python.ps1","1"
"IseSteroids\PowerShellGallery\WindowsImageTools\1.0.7\Functions\New-WindowsImageToolsExample.ps1","1"
"IseSteroids\PowerShellGallery\WPFPS\1.0.0.0\Public\Get-WPFListBoxItem.ps1","1"
"IseSteroids\PowerShellGallery\xAzure\0.2.0.0\Examples\Create_FirewallRule.ps1","1"
"IseSteroids\PowerShellGallery\xExchange\1.15.0.0\Test\MSFT_xExchMailboxServer.Integration.Tests.ps1","1"
"IseSteroids\PowerShellGallery\xPhp\1.2.0.0\Samples\UsingxPhpCompositeConfiguration.ps1","1"
"IseSteroids\PowerShellGallery\xSQLServer\7.1.0.0\Examples\Resources\xSQLServerConfiguration\1-ConfigureTwoInstancesOnTheSameServerToEnableClr.ps1","1"
"IseSteroids\PowerShellGallery\xSQLServer\7.1.0.0\Tests\Unit\MSFT_xSQLServerDatabase.Tests.ps1","1"
"IseSteroids\Technet\add-ExifFilter.ps1","1"
"IseSteroids\Technet\Add-WUOfflineSync (3).ps1","1"
"IseSteroids\Technet\AddAllowedInlineDownloadedMimeTypes.ps1","1"
"IseSteroids\Technet\AddImplementer2MA-V0.1.ps1","1"
"IseSteroids\Technet\Angry desktop.ps1","1"
"IseSteroids\Technet\ArchiveStatisticsPlanner.ps1","1"
"IseSteroids\Technet\AuthoritativeDomainList.ps1","1"
"IseSteroids\Technet\Backup_MatchingDatabases.ps1","1"
"IseSteroids\Technet\Check all lists for specified column type.ps1","1"
"IseSteroids\Technet\CheckW32TM.ps1","1"
"IseSteroids\Technet\createag.ps1","1"
"IseSteroids\Technet\CreateShares.ps1","1"
"IseSteroids\Technet\DChealth.ps1","1"
"IseSteroids\Technet\DhcpFailoverAutoConfigSyncTool.ps1","1"
"IseSteroids\Technet\DiskSpaceStorageReportWithAnonymousSmtpServer.ps1","1"
"IseSteroids\Technet\EnableScope.ps1","1"
"IseSteroids\Technet\ExchangeRollupE2K7.ps1","1"
"IseSteroids\Technet\ExecNonQuery.ps1","1"
"IseSteroids\Technet\Export_SP_User_Profile_Information.PS1","1"
"IseSteroids\Technet\ExternalAssemblyFix.ps1","1"
"IseSteroids\Technet\Find-TypeReference.ps1","1"
"IseSteroids\Technet\Get-All-SCOM-MPs.ps1","1"
"IseSteroids\Technet\Get-ExchangeReport.ps1","1"
"IseSteroids\Technet\Get-FreeDiskSpace.ps1","1"
"IseSteroids\Technet\Get-IPObjectDefaultEnabled.ps1","1"
"IseSteroids\Technet\Get-LocalGroupMembers.ps1","1"
"IseSteroids\Technet\Get-MeetingRoomDetails.ps1","1"
"IseSteroids\Technet\Get-OrphanHomeFolder.ps1","1"
"IseSteroids\Technet\Get-SPW3WPAppPoolInfo.ps1","1"
"IseSteroids\Technet\Get-SubNetItems.ps1","1"
"IseSteroids\Technet\Get-UnlinkedGPO.ps1","1"
"IseSteroids\Technet\getInstalledSoftware.ps1","1"
"IseSteroids\Technet\GetMailboxUsageReport.ps1","1"
"IseSteroids\Technet\GetPrivilegedActiveDirectoryGroups.ps1","1"
"IseSteroids\Technet\ImportDHCPLeaseIPAM.ps1","1"
"IseSteroids\Technet\Invoke-TSMedusa.ps1","1"
"IseSteroids\Technet\JamesOne-Example.ps1","1"
"IseSteroids\Technet\Leavers_Processs_Community.ps1","1"
"IseSteroids\Technet\ListServerDrivesFreespace_Email.ps1","1"
"IseSteroids\Technet\mandatoryParameter.ps1","1"
"IseSteroids\Technet\MassExport.ps1","1"
"IseSteroids\Technet\New-FASTManagedProperty.ps1","1"
"IseSteroids\Technet\New-PrintJob.ps1","1"
"IseSteroids\Technet\O365-Fed-MetaData-Update-Task-Installation.ps1","1"
"IseSteroids\Technet\Office365Federation.ps1","1"
"IseSteroids\Technet\Open-ISEFunction.ps1","1"
"IseSteroids\Technet\Query-EventViewerLogs.ps1","1"
"IseSteroids\Technet\RemoteWMISessionNoDebug.ps1","1"
"IseSteroids\Technet\Remove-Files.ps1","1"
"IseSteroids\Technet\Remove-SPWebApplicationBlockedFileExtension.ps1","1"
"IseSteroids\Technet\RemoveExchangeattributes.ps1","1"
"IseSteroids\Technet\Response_time_Multiple_Servers.ps1","1"
"IseSteroids\Technet\Samay-Digital clock.ps1","1"
"IseSteroids\Technet\SCOMOpenAlerts.ps1","1"
"IseSteroids\Technet\Select-MenuItem.ps1","1"
"IseSteroids\Technet\server_reboot.ps1","1"
"IseSteroids\Technet\Set-ActiveSyncEnabled.ps1","1"
"IseSteroids\Technet\set-employeeType.ps1","1"
"IseSteroids\Technet\Set-FSMORoleOwner.ps1","1"
"IseSteroids\Technet\Show-Popup.ps1","1"
"IseSteroids\Technet\SmoDb.ps1","1"
"IseSteroids\Technet\SOLVIN_EasyCheckIn.ps1","1"
"IseSteroids\Technet\SsasDiscoverCurrentProcesses.ps1","1"
"IseSteroids\Technet\SsasDiscoverCurrentProcesses_1.ps1","1"
"IseSteroids\Technet\Start-PoshChatServer.ps1","1"
"IseSteroids\Technet\Test-IsAdmin.ps1","1"
"IseSteroids\Technet\Update-DPMSpreadSheet.ps1","1"
"IseSteroids\Technet\UpdateSOA.ps1","1"
"IseSteroids\Technet\Zip-File.ps1","1"
"IseSteroids\Github\bielawb_EWS\EWS\EWS.psm1","1"
"IseSteroids\Github\PowerShell_xFirefox\DSCResources\MSFT_xFirefox\MSFT_xFirefox.schema.psm1","1"
"IseSteroids\Github\rsWinAutomationSupport_rsCommon\rsCommon.psm1","1"
"IseSteroids\Github\Statoil_mad-vsts-tasks\Tasks\Common\VstsAzureRestHelpers_\VstsAzureRestHelpers_.psm1","1"
"IseSteroids\GithubGist\cbilson_92de3f957635e4f6a47e_raw_ce753f56901e7977d1663335c8d5cd41edc576b5_Useful.psm1","1"
"IseSteroids\GithubGist\MazinZ1_5f7af3b368195d9a09f2_raw_903373c1e1d842425229e2e40d35f4127509d6f9_ZenburnPowerShell.psm1","1"
"IseSteroids\PowerShellGallery\ECSHell\1.0.17\Users\ECSObjectuser.psm1","1"
"IseSteroids\PowerShellGallery\Git-PsRadar\1.1.2\Git-PsRadar.psm1","1"
"IseSteroids\PowerShellGallery\ISE_Cew\0.1.10\ISE_Cew.psm1","1"
"IseSteroids\PowerShellGallery\MVA_DSC_2015_DAY1\0.0.0.2\Scripts\Reskit9\All Resources\xExchange\xExchange\DSCResources\MSFT_xExchExchangeCertificate\MSFT_xExchExchangeCertificate.psm1","1"
"IseSteroids\PowerShellGallery\Office365GraphAPI\1.0.4\Office365GraphAPI.psm1","1"
"IseSteroids\PowerShellGallery\OfficeOnlineServerDsc\1.0.0.0\Modules\OfficeOnlineServerDsc.Util\OfficeOnlineServerDsc.Util.psm1","1"
"IseSteroids\PowerShellGallery\PowerCLITools\1.0.1\Functions\Get-VMHostiSCSIBinding.psm1","1"
"IseSteroids\PowerShellGallery\PsBamboo\2.2.1.0\PsBamboo.psm1","1"
"IseSteroids\PowerShellGallery\PSCI\1.1.7\dsc\ext\PsGallery\xAzurePack.1.4.0.0\xPDT.psm1","1"
"IseSteroids\PowerShellGallery\PSDscResources\2.7.0.0\Tests\DscResource.Tests\MetaFixers.psm1","1"
"IseSteroids\PowerShellGallery\psFitbit\1.0.0.2\psFitbit.psm1","1"
"IseSteroids\PowerShellGallery\SharePointDSC\1.7.0.0\DSCResources\MSFT_SPSearchCrawlerImpactRule\MSFT_SPSearchCrawlerImpactRule.psm1","1"
"IseSteroids\PowerShellGallery\SitecoreShipFunctions\1.2.3\SitecoreShipFunctions.psm1","1"
"IseSteroids\PowerShellGallery\Start-parallel\1.3.0.0\Start-parallel.psm1","1"
"IseSteroids\PowerShellGallery\xCertificate\2.7.0.0\Modules\CertificateDsc.ResourceHelper\CertificateDsc.ResourceHelper.psm1","1"
"IseSteroids\PowerShellGallery\xTimeZone\1.6.0.0\DSCResources\TimezoneHelper.psm1","1"
"IseSteroids\Technet\ADReplication.psm1","1"
"IseSteroids\Technet\NTFSSecurity (2)_1.psm1","1"
"IseSteroids\Technet\ResetPassword.psm1","1"
"IseSteroids\Github\aadje_powershell-koans\PowerShellKoans.ps1","0"
"IseSteroids\Github\adamkos93_PWI\WebApplication1\packages\jQuery.1.9.1\Tools\common.ps1","0"
"IseSteroids\Github\Aleksandr-Lytysov_boor-crosser\book-crosser\packages\jQuery.1.10.2\Tools\common.ps1","1"
"IseSteroids\Github\cpaton_MachineConfig\Bootstrap.ps1","1"
"IseSteroids\Github\EtienneDeneuve_Powershell\OneDriveAPI\Remove-AllOneDriveSharedLink.ps1","1"
"IseSteroids\Github\hanna15_Project5\N_Vefforittun_20151_Project5_Solution\packages\jQuery.1.10.2\Tools\uninstall.ps1","1"
"IseSteroids\Github\hernangm_punch.sortable\build\nuget.ps1","1"
"IseSteroids\Github\JacoMiXTelematics_Scripts\_vsconfigbackup\.vscode\extensions\ms-vscode.PowerShell-0.7.2\examples\Tests\SampleModule.Tests.ps1","1"
"IseSteroids\Github\Phoenix5_SupriseProject\InterviewSelectionProcess-build7\packages\Newtonsoft.Json.6.0.4\tools\install.ps1","1"
"IseSteroids\Github\rayterrill_PowerShellPlayground\SQLServer\Get-SSISXMLDetails.ps1","1"
"IseSteroids\Github\simbajr_MemoryAPI\MemoryAPI\packages\AWSSDK.S3.3.1.3.11\tools\uninstall.ps1","1"
"IseSteroids\GithubGist\astaykov_c68bc86f43ba28163312_raw_6d367f68e5cb005f3d7d5e2fb223b13ce75709f1_AzureCloudServiceAntiMalwareProtection.ps1","1"
"IseSteroids\GithubGist\bat2001_6465494_raw_266872b1720f636256ad62451d62a2c231856f8f_gistfile1.ps1","1"
"IseSteroids\GithubGist\cromwellryan_4657224_raw_ecd0ef4e434f4f185327a3325ae111896ad3b5a5_Get-Shelveset.ps1","1"
"IseSteroids\GithubGist\Haemoglobin_2205505_raw_dfe1a6ac784f41a848bed2a3f94935e4bba35875_add-source-headers.ps1","1"
"IseSteroids\GithubGist\stanleystl_5870540_raw_4fa5dc90e6b4c9d019ac651f588e1161788e86aa_block_ipaddr_failaudit.ps1","1"
"IseSteroids\PoshCode\Convert-PowerPack2Ps_2.ps1","1"
"IseSteroids\PoshCode\Highlight-Syntax _3.0.ps1","1"
"IseSteroids\PoshCode\Import-Delimited 2.3.ps1","1"
"IseSteroids\PoshCode\MacroScopeParser.ps1","1"
"IseSteroids\PoshCode\New-PInvoke_1.ps1","1"
"IseSteroids\PoshCode\New-XVM.ps1","1"
"IseSteroids\PoshCode\num.ps1","1"
"IseSteroids\PoshCode\Pipeline and Parameter_1.ps1","1"
"IseSteroids\PoshCode\Spread-Mailboxes.ps1","1"
"IseSteroids\PoshCode\Two ways get random pass.ps1","1"
"IseSteroids\PoshCode\UIAutomation _1.9.ps1","1"
"IseSteroids\PowerShellGallery\FlexModule\1.0.0.0\FlexSlice.ps1","1"
"IseSteroids\PowerShellGallery\HipChatAdmin\1.1\Public\New-HipchatRoom.ps1","1"
"IseSteroids\PowerShellGallery\PowervRA\2.2.0\Functions\Public\iaas-proxy-provider\Get-vRANetworkProfileIPRangeSummary.ps1","1"
"IseSteroids\PowerShellGallery\PSSlack\0.0.17\Private\Parse-SlackChannel.ps1","1"
"IseSteroids\PowerShellGallery\WinSCP\5.9.5.6\Public\Invoke-WinSCPCommand.ps1","1"
"IseSteroids\PowerShellGallery\xSQLServer\7.1.0.0\Tests\Unit\MSFT_xSQLServerEndpointPermission.Tests.ps1","1"
"IseSteroids\Technet\2010BulkMailboxExport.ps1","1"
"IseSteroids\Technet\Get-ComputerService_v1.0.ps1","1"
"IseSteroids\Technet\Get-StringHash.ps1","1"
"IseSteroids\Technet\iloInformation.ps1","1"
"IseSteroids\Technet\Install.NetFrameWork3.5.ps1","1"
"IseSteroids\Technet\MBXBackup.ps1","1"
"IseSteroids\Technet\Ping-TCP.ps1","1"
"IseSteroids\Technet\remotecmd.ps1","1"
"IseSteroids\Technet\Set-StaticPorts.ps1","1"
"IseSteroids\PowerShellGallery\MS_xVisualStudio\1.0.0.0\MS_xVisualStudio.psm1","1"
"IseSteroids\PowerShellGallery\PSCI\1.1.7\dsc\ext\PsGallery\xWebAdministration.1.17.0.0\DSCResources\MSFT_xIIsHandler\MSFT_xIisHandler.psm1","1"
"IseSteroids\Technet\DisplayDeletedADObjects.psm1","1"
"IseSteroids\GithubGist\aggieben_3643522_raw_34a05e3668642b1a3765b75bbc009c50d83e245d_TestEmail.ps1","1"
"IseSteroids\GithubGist\andreaswasita_0386c773b9873e7cca88_raw_dd7029d8d27c3c6ec4187e29d6141b3d164c9450_Remove-AzureAntiMalware.ps1","1"
"IseSteroids\GithubGist\biacz_f4ec5140d75d708d413d_raw_5f0de8b55a6d94df24ebd2f429880bae6e8ca280_gistfile1.ps1","1"
"IseSteroids\GithubGist\nlinker_4249045_raw_a4f9b47db4b5b89fa02c117c9a65a9a1f8cddf1a_C_%5CVbox%5Crabbits-headless.ps1","1"
"IseSteroids\GithubGist\PaulStovell_10638996_raw_9ab5354b328dfef4675556455a89fd5cac012a99_gistfile1.ps1","1"
"IseSteroids\GithubGist\simplement-e_5382683_raw_775dfca9eba06a5945cc4dfbe585f91142a55748_get-mediation-etat.ps1","1"
"IseSteroids\GithubGist\su324749_5030fd370ee79faca120_raw_a8177c1febd2ee021d18b089f9003697a1dff818_test.ps1","1"
"IseSteroids\GithubGist\tkinz27_fd92ba9af0e0309614ee_raw_a7f4617532509ea872a261ad1b95d3ffe25151c4_copy.ps1","1"
"IseSteroids\GithubGist\vgrem_fe0cda40b5ed0cd9070c_raw_7d4e3a721b1246ae295d17cb5c8b3755934ea106_Invoke-SPORestMethod.ps1","1"
"IseSteroids\PoshCode\Combine-CSV Function.ps1","1"
"IseSteroids\PoshCode\Connect-VMHost_1.ps1","1"
"IseSteroids\PoshCode\ConvertTo-CliXml_3.ps1","1"
"IseSteroids\PoshCode\New-CodeSigningCertifica.ps1","1"
"IseSteroids\PowerShellGallery\Blue\1.0.124\ResourceGroup\Remove-ArmResourceGroup.ps1","1"
"IseSteroids\PowerShellGallery\POSHOrigin\1.7.1\Resolvers\PSCredential\Resolve.ps1","1"
"IseSteroids\PowerShellGallery\PowerShell-Toolmaking\1.0.0.19\Chapters\powershell-workflow-primer\Example2.ps1","1"
"IseSteroids\PowerShellGallery\SMBBlueprint\8.2.0.3\functions\public\Start-SMBDeploymentGUI.ps1","1"
"IseSteroids\PowerShellGallery\VsoReleaseManagerClient\2.0.3\Private\Get-ApiUrl.ps1","1"
"IseSteroids\Technet\ImportDesignPackage.ps1","1"
"IseSteroids\Technet\MailboxRedistribution.ps1","1"
"IseSteroids\Technet\PasswordGeneratorV2.ps1","1"
"IseSteroids\Technet\QueryNotificationForMonitoringDataChanges.ps1","1"
"IseSteroids\Technet\SsrsWakeUpCall.ps1","1"
"IseSteroids\PowerShellGallery\PSCI\1.1.7\dsc\ext\PsGallery\xSQLServer.7.0.0.0\DSCResources\MSFT_xSQLServerMemory\MSFT_xSQLServerMemory.psm1","1"
"IseSteroids\PowerShellGallery\PSCI\1.1.7\dsc\ext\PsGallery\xSQLServer.7.0.0.0\DSCResources\MSFT_xSQLServerScript\MSFT_xSQLServerScript.psm1","1"
"IseSteroids\PowerShellGallery\PsIni\1.2.0\PsIni.psm1","1"
"IseSteroids\Github\AlexzundeR_PowerShellGists\diskFoldersSize.ps1","0"
"IseSteroids\Github\andreeahitruc_Licenta2015\Backend\Back_F\packages\jQuery.UI.Combined.1.8.24\Tools\uninstall.ps1","0"
"IseSteroids\Github\andreeahitruc_Licenta2015\Backend\Back_F\packages\Modernizr.2.6.2\Tools\uninstall.ps1","0"
"IseSteroids\Github\bielawb_EWS\EWS\Connect-EWSService.ps1","0"
"IseSteroids\Github\bielawb_EWS\EWS\Get-EWSItem.ps1","0"
"IseSteroids\Github\bjarniko_VLN2\ICESolution\packages\Modernizr.2.6.2\Tools\install.ps1","0"
"IseSteroids\Github\Campermortey_SWC-Blackboard\ManagementSystem\packages\Modernizr.2.6.2\Tools\install.ps1","0"
"IseSteroids\Github\Campermortey_SWC-Blackboard\ManagementSystem\packages\Modernizr.2.6.2\Tools\uninstall.ps1","0"
"IseSteroids\Github\Campermortey_SWC-Blackboard\OldVersion\WebProject\LearningManagmentSystem.UI\packages\Modernizr.2.6.2\Tools\common.ps1","0"
"IseSteroids\Github\ChaseManhatton_FAMTemplate\Scripts\InitDataDrive_F.ps1","0"
"IseSteroids\Github\christianjaeckle_Powershell-Scripts\Configure Workstation - Win10\Apps & Features.ps1","0"
"IseSteroids\Github\christianjaeckle_Powershell-Scripts\Configure Workstation - Win10\Windows Error Reporting.ps1","0"
"IseSteroids\Github\CS4790S17_AFAF_SandboxRepo\PlayProject\packages\Modernizr.2.6.2\Tools\uninstall.ps1","0"
"IseSteroids\Github\CS4790S17_AFAF_SandboxRepo\PlayProject\packages\Newtonsoft.Json.6.0.4\tools\install.ps1","0"
"IseSteroids\Github\danielmartind_Boxstarter\Boxstarter\Boxstarter\BoxstarterScript.ps1","0"
"IseSteroids\Github\dinkoslav_SoftUni-Database-Applications\Exams\DatabaseApplicationsExam\DatabaseApplicationsExam\packages\Newtonsoft.Json.7.0.1\tools\install.ps1","0"
"IseSteroids\Github\e3v_KeepThis\Research\dws-dump.ps1","0"
"IseSteroids\Github\e3v_KeepThis\Research\Reboot2Mac.ps1","0"
"IseSteroids\Github\elaineslvt_Testes\Testes_Way2\packages\jQuery.UI.Combined.1.8.24\Tools\uninstall.ps1","0"
"IseSteroids\Github\elaineslvt_Testes\Testes_Way2\packages\Modernizr.2.6.2\Tools\install.ps1","0"
"IseSteroids\Github\elaineslvt_Testes\Testes_Way2\packages\Modernizr.2.6.2\Tools\uninstall.ps1","0"
"IseSteroids\Github\EtienneDeneuve_Powershell\MSITools\Get-InstallerList.ps1","0"
"IseSteroids\Github\evgenipetrov_powershell-lab-maker\Module\LabMaker\New-LabComputer.ps1","0"
"IseSteroids\Github\ewilde_chocolatey-templates\sharpdevelop\tools\chocolateyInstall.ps1","0"
"IseSteroids\Github\fedyuk_ASP-MVC\ASP.NET_MVC\packages\jQuery.1.8.2\Tools\install.ps1","0"
"IseSteroids\Github\fedyuk_ASP-MVC\ASP.NET_MVC\packages\jQuery.UI.Combined.1.8.24\Tools\install.ps1","0"
"IseSteroids\Github\fedyuk_ASP-MVC\AspNetTutorial\packages\jQuery.UI.Combined.1.8.24\Tools\uninstall.ps1","0"
"IseSteroids\Github\fedyuk_ASP-MVC\AspNetTutorial\packages\Modernizr.2.6.2\Tools\uninstall.ps1","0"
"IseSteroids\Github\fil-eadr_asp-mvc-MiF\MiFWebSolution\packages\Modernizr.2.6.2\Tools\uninstall.ps1","0"
"IseSteroids\Github\gustavoquevedo_feedback-survey-mvc\FeedbackSurvey\packages\Modernizr.2.6.2\Tools\uninstall.ps1","0"
"IseSteroids\Github\heppb_CSIS4135\src\MusicFall2016\Properties\PublishProfiles\heppbmusicapp2 - Web Deploy-publish.ps1","0"
"IseSteroids\Github\JacoMiXTelematics_Scripts\_ps1\Get-Service.ps1","0"
"IseSteroids\Github\JacoMiXTelematics_Scripts\_ps1\GPRSService_Restart.ps1","0"
"IseSteroids\Github\jpihle_ECMTest\ECMTestScript.ps1","0"
"IseSteroids\Github\jpvantuyl_docker-templates\Windows\windows-nanoserver-fullyloaded\Provision\Apply-Unattend.ps1","0"
"IseSteroids\Github\jritsema_windows-container-101\test.ps1","0"
"IseSteroids\Github\jvinhit_WCFProject\ProjectMVC\packages\jQuery.1.10.2\Tools\uninstall.ps1","0"
"IseSteroids\Github\jvinhit_WCFProject\ProjectMVC\packages\Modernizr.2.6.2\Tools\install.ps1","0"
"IseSteroids\Github\jvinhit_WCFProject\ProjectMVC\packages\Modernizr.2.6.2\Tools\uninstall.ps1","0"
"IseSteroids\Github\kapilkhanduja25_kapil\Start-SourceControl.ps1","0"
"IseSteroids\Github\kimizhu_fenx4.zh-cn\.openpublishing.build.ps1","0"
"IseSteroids\Github\lemusjimmy_functions_powershell\get_info_processor.ps1","0"
"IseSteroids\Github\lemusjimmy_functions_powershell\range.ps1","1"
"IseSteroids\Github\melzoghbi_O365API\packages\Newtonsoft.Json.6.0.4\tools\install.ps1","0"
"IseSteroids\Github\nimdeepika_MyMusicStore\MyMusicStore\packages\Modernizr.2.6.2\Tools\uninstall.ps1","0"
"IseSteroids\Github\Ninja-Tw1sT_PoSh-xChrome\Example\Sample_xChrome.ps1","0"
"IseSteroids\Github\nutthaphon_powershell5\common\serverstat.ps1","1"
"IseSteroids\Github\PCFDev_i2b2-Windows-Installer\install-prereqs.ps1","0"
"IseSteroids\Github\PCFDev_i2b2-Windows-Installer\sql-prep_TEST.ps1","0"
"IseSteroids\Github\Phoenix5_SupriseProject\InterviewSelectionProcess-build1\packages\Modernizr.2.6.2\Tools\uninstall.ps1","0"
"IseSteroids\Github\Phoenix5_SupriseProject\InterviewSelectionProcess-build10\packages\Modernizr.2.6.2\Tools\uninstall.ps1","0"
"IseSteroids\Github\Phoenix5_SupriseProject\InterviewSelectionProcess-build11\packages\jQuery.UI.Combined.1.12.1\Tools\install.ps1","0"
"IseSteroids\Github\Phoenix5_SupriseProject\InterviewSelectionProcess-build3\packages\jQuery.UI.Combined.1.12.1\Tools\install.ps1","0"
"IseSteroids\Github\Phoenix5_SupriseProject\InterviewSelectionProcess-build4\packages\jQuery.UI.Combined.1.12.1\Tools\install.ps1","0"
"IseSteroids\Github\Phoenix5_SupriseProject\InterviewSelectionProcess-build4\packages\Newtonsoft.Json.6.0.4\tools\install.ps1","0"
"IseSteroids\Github\Phoenix5_SupriseProject\InterviewSelectionProcess-build5\packages\jQuery.UI.Combined.1.12.1\Tools\common.ps1","0"
"IseSteroids\Github\Phoenix5_SupriseProject\InterviewSelectionProcess-build5\packages\jQuery.UI.Combined.1.12.1\Tools\uninstall.ps1","0"
"IseSteroids\Github\Phoenix5_SupriseProject\InterviewSelectionProcess-build5\packages\Modernizr.2.6.2\Tools\uninstall.ps1","0"
"IseSteroids\Github\Phoenix5_SupriseProject\InterviewSelectionProcess-build7\packages\jQuery.UI.Combined.1.12.1\Tools\uninstall.ps1","0"
"IseSteroids\Github\Phoenix5_SupriseProject\InterviewSelectionProcess-build8\packages\jQuery.UI.Combined.1.12.1\Tools\uninstall.ps1","0"
"IseSteroids\Github\Phoenix5_SupriseProject\InterviewSelectionProcess-build9\packages\jQuery.1.12.4\Tools\common.ps1","0"
"IseSteroids\Github\Phoenix5_SupriseProject\Upload\packages\jQuery.1.10.2\Tools\common.ps1","0"
"IseSteroids\Github\projetohelenos_helenos.api\Helenos\packages\Modernizr.2.6.2\Tools\uninstall.ps1","0"
"IseSteroids\Github\rickjury_Sumologic-DatePickerHelper\SumoDateTimeExpressionPicker.ps1","1"
"IseSteroids\Github\smitsdj_auto-man\Auto-Man\Auto-Man\Get-InDesiredState.ps1","0"
"IseSteroids\Github\smitsdj_auto-man\NuGet.Packager1\NuGet.Packager1\tools\uninstall.ps1","0"
"IseSteroids\Github\Statoil_mad-vsts-tasks\Tasks\Common\VstsAzureHelpers_\ImportFunctions.ps1","0"
"IseSteroids\Github\Statoil_mad-vsts-tasks\Expand-Tasks.ps1","0"
"IseSteroids\Github\XuanDo09_OOP\DemoMVC\packages\Modernizr.2.6.2\Tools\install.ps1","0"
"IseSteroids\Github\XuanDo09_OOP\DemoMVC\packages\Newtonsoft.Json.6.0.4\tools\install.ps1","0"
"IseSteroids\Github\yummybinary_webcuss\WebCuss\packages\Microsoft.ApplicationInsights.WindowsServer.2.1.0\Tools\install.ps1","0"
"IseSteroids\Github\yummybinary_webcuss\WebCuss\packages\Modernizr.2.6.2\Tools\install.ps1","0"
"IseSteroids\GithubGist\adminian_ae7a06f5e84c79949405_raw_19c30e15a3014c6c91950d3fe63824470e7df11f_Get-AzureUpdates.ps1","0"
"IseSteroids\GithubGist\ambar_1633576_raw_c1d13b04fb6bc0dfad4cd1b9649b7c5944d7c4da_convert.ps1","1"
"IseSteroids\GithubGist\AmrEldib_de4e018fe11a98b42a18_raw_3cf900d1d2e9fabb5d88d8271a87021401fb0c85_Get-SqlServiceStatus.ps1","0"
"IseSteroids\GithubGist\anroots_9421460_raw_54541be46b2768d95fd78f8f27a6d139a03453de_ping.ps1","0"
"IseSteroids\GithubGist\ao-zkn_67d0b6d831be22efc996_raw_c7d6a8d983929942456b00376ec4552eac96ef28_Write-Log.ps1","1"
"IseSteroids\GithubGist\bblade_4713294_raw_4777f8f97145bba4127065e9373cb6e415fd1038_Purge-Old-Items.ps1","0"
"IseSteroids\GithubGist\belotn_6827958_raw_8ca6659a8b6502128faa7885b901b3d1069eb96c_get-emptygpo2.ps1","0"
"IseSteroids\GithubGist\colinbowern_5937673_raw_828317b19e3d5f3e7bc26936e973e6026e47367c_Import-SQLPS.ps1","0"
"IseSteroids\GithubGist\dfinke_3923295_raw_9d9f05c1790d6e1581483e3c2a5f4750edb95b14_InvokeCompileAllTS.ps1","0"
"IseSteroids\GithubGist\fishnugget77_4151288_raw_9ad2b9e66033bdb175e560580b8ea46e0f737fa5_post-build.ps1","0"
"IseSteroids\GithubGist\goo32_d33e2dc04b29e773eb32_raw_92920fbef205420ae4e23e5130b49e3e0c0c2d36_random_image_count.ps1","0"
"IseSteroids\GithubGist\gravejester_5041943_raw_4e7e0e8b60289a4dd57c3f52bcc2783168d7e9ce_wget.ps1","0"
"IseSteroids\GithubGist\harrybiscuit_1877081_raw_dc408d1ad455804023e3c38d5284be725b318ea0_CreateJunction.ps1","0"
"IseSteroids\GithubGist\jacobludriks_0f9047a6d3011f13b90f_raw_9607469d2dae993c7de1c97c6e09e58b8ddb3b90_localadministrator.ps1","1"
"IseSteroids\GithubGist\jpoul_5dfb4abfe7f68a96e4d5_raw_cde4887ccdc8fd8c11791bc98ee4889c2ae513f6_boxstarter.base.ps1","0"
"IseSteroids\GithubGist\jstangroome_1172293_raw_209a411b8633484dbb6abd6e2ff4011bd20438b3_q1.ps1","0"
"IseSteroids\GithubGist\jstangroome_2505593_raw_fadd181c115f6b7373118651a3106181bc840a1e_Positional.ps1","1"
"IseSteroids\GithubGist\jtuttas_7ce1e86ade150af78670_raw_acd110fa14fd2ec37701b489f78b65b1327fbcf0_News%20Webservice.ps1","0"
"IseSteroids\GithubGist\kmoormann_3361439_raw_a36bc173ced73a39271e414d583d984f242e85f1_ClearDir.ps1","0"
"IseSteroids\GithubGist\kujotx_6902269_raw_c1aa9c9cb616c6981e41b33c44d40da0c2628733_Chocolatey-Vs2010-Devbox.ps1","0"
"IseSteroids\GithubGist\mhinze_6686766_raw_c0231178862e7c9b3407ef11d3f749c5c356385e_Delete-BinObj.ps1","0"
"IseSteroids\GithubGist\mhornfeck_ca67016a3ce77c429a0a_raw_fab811d7ce1a92fa104b7e3c58a129434aca98e6_gistfile1.ps1","0"
"IseSteroids\GithubGist\michaellwest_1db258e206beea164e5b_raw_f5300c421523906139163fa268e59ee975a2d36e_Delete%20unused%20media%20items%20older%20than%2030%20days.ps1","1"
"IseSteroids\GithubGist\MikeAStevenson_a018025b0f12404d3d0e_raw_77e3bab52d923b041722c141bc316d8852b02d51_Get-LockedOutUsers.ps1","0"
"IseSteroids\GithubGist\mikeplate_69a270411f23a4f49298_raw_3b6225eb530b597463120780a52107756d357de2_list_net_versions.ps1","0"
"IseSteroids\GithubGist\nickdelany_b3c9d675ff2a0c295aa2_raw_ea9c4c78dab8d083b9462c2b736ca7a3bcd3090d_snippets.ps1","0"
"IseSteroids\GithubGist\objectx_4131424_raw_06d5a50164054dc70b0b7b9aba7a8c44439c69a2_gistfile1.ps1","0"
"IseSteroids\GithubGist\peaeater_2d985fa25e575fffd2c6_raw_ef4b0fe4daf5ac3653d08cd0131e2a1298677d72_solr-dih-ingest-with-polling.ps1","1"
"IseSteroids\GithubGist\pjmagee_11374776_raw_7502b7fb822a2d69082b508cb699df02ed0a060c_gistfile1.ps1","0"
"IseSteroids\GithubGist\r-tanner-f_5366959_raw_743dd3a8890354764436cdf035796bd0ae8d4cd7_stupid_invoke-command_test.ps1","0"
"IseSteroids\GithubGist\rdrobinson3_5707787_raw_90a37fe63a1c6bb43b782eaa7d69f220b47ded50_AddSiteColumnsToContentTypes.ps1","0"
"IseSteroids\GithubGist\rheid_2ce55b40971f122d1ceb_raw_a1d6536b16655bd8388f7f57fac12854e5be6ada_EnableAnonymousRESTSearch.ps1","0"
"IseSteroids\GithubGist\rossnz_5609904_raw_d668df698ccb7600ccebce9224263194d5748859_Get-UserAgent.ps1","0"
"IseSteroids\GithubGist\schlarpc_02cf9a2543f7f1df596b_raw_753b584b0b7b333b9e7191577c72c07a7d6ee846_Microsoft.PowerShell_profile.ps1","0"
"IseSteroids\GithubGist\seafoox_4348d37828208c86713d_raw_5fb0bc6d8cdf57981f8e4d52809c414e68c70daa_gistfile1.ps1","0"
"IseSteroids\GithubGist\sukottosan_9747467_raw_25558c3fa8dc74b711fbacae955cb8771385ef9a_installedapps.ps1","0"
"IseSteroids\GithubGist\sunnyc7_11219860_raw_7a7df7f1d3fd3663b47c6ec2bc1846771a2553f7_Send-EmailMessage.ps1","0"
"IseSteroids\GithubGist\sunnyc7_8617483_raw_7f3c5bdaeece1c8ea54173af13f256414dd3a2cb_Sort-WSDL.ps1","0"
"IseSteroids\GithubGist\sweeneyrobb_bdeef74630a38086e3b3_raw_110d1e37a3daaee997dbd6bcc23455859d617e0c_New-Zip.ps1","1"
"IseSteroids\GithubGist\thiagowfx_7223952_raw_bd78c26a96b71739f532f54a0ba35b2655771523_gistfile1.ps1","0"
"IseSteroids\GithubGist\thorade_b05f2da5a5d258253af0_raw_83ea8cc92808690e44f0f7fe8af7aa810fafd28c_normalizeEOLF.ps1","0"
"IseSteroids\GithubGist\vScripter_075fbbb0fc1cf5e9d482_raw_cfd8e2ed13b56d722b8a3ecf07f383babcff6513_Get-VMToolsB2VMapping.ps1","0"
"IseSteroids\GithubGist\williamjacksn_3708009_raw_58d91f0173a7b8481200ac5943d8243e7e47fb5b_gpo-backup-script.ps1","0"
"IseSteroids\GithubGist\yzorg_8215221_raw_6fee7d7a8df7cfd80fe64297c583f2d162ad840f_profile_basic.ps1","0"
"IseSteroids\GithubGist\ziqbalbh_7956710_raw_1723dabadf540a0e2f495766ff7b5a3e22b660ac_csv-split-trim.ps1","1"
"IseSteroids\PoshCode\7c573254-14a1-4559-9c68-e51bc0f502b2.ps1","0"
"IseSteroids\PoshCode\93a65603-30b1-4887-8fef-5b0d188f44a2.ps1","0"
"IseSteroids\PoshCode\Add-PrinterDriver.ps1","0"
"IseSteroids\PoshCode\Backup-DatabaseObject.ps1","0"
"IseSteroids\PoshCode\Convert-ToCHexString_2.ps1","1"
"IseSteroids\PoshCode\Create datastore by LUN .ps1","0"
"IseSteroids\PoshCode\e9e42994-6ca4-4473-bf6b-148b56a46132.ps1","0"
"IseSteroids\PoshCode\EchoTest.cmd.ps1","0"
"IseSteroids\PoshCode\Enable-RemoteCredSSP.ps1","0"
"IseSteroids\PoshCode\ExceptionHandling.ps1","1"
"IseSteroids\PoshCode\FormsLib.ps1","1"
"IseSteroids\PoshCode\Get-BogonList_1.ps1","0"
"IseSteroids\PoshCode\Get-Credential 2.6.ps1","0"
"IseSteroids\PoshCode\Get-DelegateType.ps1","1"
"IseSteroids\PoshCode\Get-GrowthRate_4.ps1","1"
"IseSteroids\PoshCode\Get-MyPublicIPAddress.ps1","0"
"IseSteroids\PoshCode\Get-NistNtpServer.ps1","0"
"IseSteroids\PoshCode\Get-OLEDBData_1.ps1","0"
"IseSteroids\PoshCode\Import-ADUser.ps1","1"
"IseSteroids\PoshCode\Logger.psm1 0.5.ps1","1"
"IseSteroids\PoshCode\Measure-CommandPerforman.ps1","1"
"IseSteroids\PoshCode\Modify Excel.ps1","0"
"IseSteroids\PoshCode\New Portgroups.ps1","0"
"IseSteroids\PoshCode\New-Zip_3.ps1","1"
"IseSteroids\PoshCode\powershell ise config_3.ps1","0"
"IseSteroids\PoshCode\Remove-DeadITunesTracks.ps1","0"
"IseSteroids\PoshCode\Reverse filename sequenc.ps1","1"
"IseSteroids\PoshCode\RSS Enclosure Downloader.ps1","0"
"IseSteroids\PoshCode\Set-Computername_14.ps1","0"
"IseSteroids\PoshCode\Set-Computername_3.ps1","0"
"IseSteroids\PoshCode\SharpSsh Functions_1.ps1","0"
"IseSteroids\PoshCode\Test 2.ps1","0"
"IseSteroids\PoshCode\Test-UserCredential_1.ps1","0"
"IseSteroids\PoshCode\wget 1.0.ps1","0"
"IseSteroids\PoshCode\_CTP3_ Invoke-ISE_1.ps1","0"
"IseSteroids\PowerShellGallery\3PAR-Powershell\0.4.0\Private\Format-Result.ps1","0"
"IseSteroids\PowerShellGallery\Carbon\2.4.1\Functions\Get-Permission.ps1","0"
"IseSteroids\PowerShellGallery\Carbon\2.4.1\Functions\Grant-ServiceControlPermission.ps1","0"
"IseSteroids\PowerShellGallery\dbatools\0.8.957\internal\Resolve-NetBiosName.ps1","0"
"IseSteroids\PowerShellGallery\DSCPullServerWeb\1.1.0\Functions\Get-DSCPullServerIdNode.ps1","1"
"IseSteroids\PowerShellGallery\EWS\1.1\Remove-EWSItem.ps1","0"
"IseSteroids\PowerShellGallery\HyperVLab\0.0.1.40\Internal\Generic\Convert-FromJsonObject.ps1","0"
"IseSteroids\PowerShellGallery\Image2Docker\1.8.2\Functions\Private\Artifacts\AddRemovePrograms\Tests\Discover_AddRemovePrograms.Tests.ps1","0"
"IseSteroids\PowerShellGallery\Image2Docker\1.8.2\Functions\Private\Tests\GenerateDockerfile.Tests.ps1","0"
"IseSteroids\PowerShellGallery\Indented.Build\2.16.0\task\Test\UploadAppVeyorTestResults.ps1","0"
"IseSteroids\PowerShellGallery\ISESteroids\2.6.3.30\Fixer\Spaces\ArrayAdjustSpace\ArrayAdjustSpace.ps1","0"
"IseSteroids\PowerShellGallery\LabinaBox\1.0\DSCResources\xActiveDirectory\2.14.0.0\DSCResources\MSFT_xADCommon\MSFT_xADCommon.ps1","0"
"IseSteroids\PowerShellGallery\MVA_DSC_2015_DAY1\0.0.0.2\Scripts\Reskit9\All Resources\xChrome\Example\Sample_xChrome.ps1","0"
"IseSteroids\PowerShellGallery\MVA_DSC_2015_DAY1\0.0.0.2\Scripts\Reskit9\All Resources\xPSDesiredStateConfiguration\Examples\Test_Sample_xArchive_ExpandArchive.ps1","0"
"IseSteroids\PowerShellGallery\MVA_DSC_2015_DAY2\0.0.0.2\Scripts\Reskit9\All Resources\xExchange\Examples\InstallExchange\InstallExchange.ps1","0"
"IseSteroids\PowerShellGallery\NetScaler\1.4.0\Public\Remove-NSResponderAction.ps1","0"
"IseSteroids\PowerShellGallery\Office365Connect\1.5.0\Get-AzureADCredential.ps1","1"
"IseSteroids\PowerShellGallery\OpenWeatherMap\2.1.0\profile.example.ps1","0"
"IseSteroids\PowerShellGallery\Posh-IC\0.0.5\Start-IPAProcess.ps1","0"
"IseSteroids\PowerShellGallery\powershell-pulp\2.0.1\public\Get-PulpRole.ps1","0"
"IseSteroids\PowerShellGallery\PSGitLab\2.5.3\Private\ImportConfig.ps1","0"
"IseSteroids\PowerShellGallery\PSModuleDevelopment\1.3.1.17\functions\Get-HelpEx.ps1","0"
"IseSteroids\PowerShellGallery\psmsgraph\1.0.26.43\Public\Get-AADServicePrinicpalbyDisplayName.ps1","1"
"IseSteroids\PowerShellGallery\ScriptLogger\2.0.0\Functions\Write-WarningLog.ps1","1"
"IseSteroids\PowerShellGallery\ShowUI\1.5\Examples\GetSimpleDetails.ps1","0"
"IseSteroids\PowerShellGallery\Subversion\1.2.2\New-SvnWorkingCopy.ps1","0"
"IseSteroids\PowerShellGallery\Traverse\0.6.2\Private\Get-UnixTimestamp.ps1","0"
"IseSteroids\PowerShellGallery\TrellOps\1.0.1.24\Functions\Remove-Checklist\Remove-Checklist.ps1","0"
"IseSteroids\PowerShellGallery\Vaporshell\0.7.3\Public\Resource Property Types\Add-VSCodePipelinePipelineOutputArtifact.ps1","1"
"IseSteroids\PowerShellGallery\Vaporshell\0.7.3\Public\Resource Types\New-VSWorkSpacesWorkspace.ps1","0"
"IseSteroids\PowerShellGallery\xActiveDirectory\2.16.0.0\DSCResources\MSFT_xADRecycleBin\ResourceDesignerScripts\GeneratexADRecycleBinSchema.ps1","0"
"IseSteroids\PowerShellGallery\xHyper-V\3.8.0.0\Examples\Sample_xVHD_AdditionalPropertyVHD.ps1","0"
"IseSteroids\PowerShellGallery\xWebAdministration\1.17.0.0\Examples\Sample_xWebAppPoolDefaults.ps1","0"
"IseSteroids\Technet\ADSecurityGroupMemberOf.ps1","0"
"IseSteroids\Technet\BadScript.ps1","0"
"IseSteroids\Technet\bulk_ad_group_creation.ps1","0"
"IseSteroids\Technet\Check-DTSRegIssue.ps1","0"
"IseSteroids\Technet\Configure-PerformanceMonitor.ps1","0"
"IseSteroids\Technet\ConversionFunctions.ps1","0"
"IseSteroids\Technet\ConvertFrom-EncryptedAdobeKey.ps1","1"
"IseSteroids\Technet\ExchangeRollup.ps1","0"
"IseSteroids\Technet\Get-DatabaseReport.ps1","1"
"IseSteroids\Technet\Get-FilesByDateV2.ps1","0"
"IseSteroids\Technet\Get-PendingUpdate.ps1","0"
"IseSteroids\Technet\Get-RecyleBinItems.ps1","0"
"IseSteroids\Technet\Get-ReliabilityInfo.ps1","0"
"IseSteroids\Technet\Get-ServiceByDisplayOrName.ps1","0"
"IseSteroids\Technet\Get-WUInstall (4).ps1","1"
"IseSteroids\Technet\Header.ps1","0"
"IseSteroids\Technet\I-1-OU-import.ps1","0"
"IseSteroids\Technet\Ipconfig-Release-Renew.ps1","0"
"IseSteroids\Technet\Kerberos.Init.ps1","0"
"IseSteroids\Technet\ScriptWithNoSpaceBetweetPipe.ps1","0"
"IseSteroids\Technet\SetupDNSSECdemo.ps1","0"
"IseSteroids\Technet\shouldProcessCreateFolder.ps1","0"
"IseSteroids\Technet\SPLoggingDemo.ps1","0"
"IseSteroids\Technet\Test-ParameterSet.ps1","0"
"IseSteroids\Technet\TestExcelDemo.ps1","0"
"IseSteroids\Technet\TestMAPIConnectivity.ps1","0"
"IseSteroids\Technet\TotalEmailsSentReceivedPerWeek.ps1","0"
"IseSteroids\Github\ctaggart_VsixCommands\VsixCommands.psm1","0"
"IseSteroids\Github\evgenipetrov_powershell-lab-maker\Module\LabMaker\loader.psm1","0"
"IseSteroids\Github\pdpelsem_powerEMC\powerEMC\powerEMC.psm1","0"
"IseSteroids\PowerShellGallery\ADGrouper\0.0.1\Private\powershell-yaml\powershell-yaml.psm1","0"
"IseSteroids\PowerShellGallery\DSCEA\1.2.0.0\DSCEA.psm1","1"
"IseSteroids\PowerShellGallery\LoopbackAdapter\1.1.0.30\LoopbackAdapter.psm1","0"
"IseSteroids\PowerShellGallery\PromptEd\1.1\PromptEd.psm1","0"
"IseSteroids\PowerShellGallery\PsGoogle\1.8\PsGoogle.psm1","1"
"IseSteroids\PowerShellGallery\TfsCmdlets\1.0.0.894\TfsCmdlets.psm1","0"
"IseSteroids\PowerShellGallery\uLog\0.2.1.0\formatters\file-noindent.psm1","1"
"IseSteroids\PowerShellGallery\xNetworking\4.1.0.0\DSCResources\MSFT_xNetAdapterLso\MSFT_xNetAdapterLso.psm1","0"
"IseSteroids\Technet\PSFTP.psm1","0"
"IseSteroids\Technet\SearchOSCEXLegacyDN.psm1","1"
"IseSteroids\Technet\SendOSCEXOMailMessage.psm1","0"
"IseSteroids\Technet\WindowsKeyBinding (3).psm1","0"
