"Path","Label"
"TechNet\1 - Get-Services - Simple Version 1.0.ps1","0"
"TechNet\2 - Get-Services - Instrumented Simple Version 1.0.ps1","0"
"TechNet\2 - Get-Services - Optimized Version 1.0.ps1","0"
"TechNet\2010BulkMailboxExport.ps1","0"
"TechNet\2GetGroupsOfUsers.ps1","0"
"TechNet\3 - Get-Services - Jobs Version 1.0.ps1","0"
"TechNet\3 - Get-Services - Jobs Version 1.0a.ps1","0"
"TechNet\3169.ps1","0"
"TechNet\4 - Get-Services - File Version 1.0 part 1.ps1","0"
"TechNet\4 - Get-Services - File Version 1.0 part 2.ps1","0"
"TechNet\8 Queens.ps1","0"
"TechNet\AccountCleanup.ps1","0"
"TechNet\ACSA.ps1","0"
"TechNet\ActiveDirectory.ps1","0"
"TechNet\ActiveDirectory.psm1","0"
"TechNet\ActiveDirectoryManagement.ps1","0"
"TechNet\ActiveSyncAddRemovemembers.ps1","0"
"TechNet\Active_Directory_Information.ps1","0"
"TechNet\AD and Mailbox and Email the info to an email from CSV.ps1","0"
"TechNet\AD-Schema_Discover-1.0.ps1","0"
"TechNet\AD-USER-Unlocker.ps1","0"
"TechNet\AD-Windows-Statistic_v1.4.ps1","0"
"TechNet\ADComputerIP-by-MAC_v1.0.ps1","0"
"TechNet\Add Access Rule TMG Powershell.ps1","0"
"TechNet\Add-ArchiveRights.ps1","0"
"TechNet\add-conversionFilter.ps1","0"
"TechNet\Add-CropFilter.ps1","0"
"TechNet\Add-CsPhoto-v1.11.ps1","0"
"TechNet\add-ExifFilter.ps1","0"
"TechNet\Add-FTPItem.ps1","0"
"TechNet\Add-FunctionToModule.ps1","0"
"TechNet\Add-on.FunctionExplorer (2).psm1","0"
"TechNet\Add-on.FunctionExplorer.psm1","0"
"TechNet\Add-OverlayFilter.ps1","0"
"TechNet\Add-RDCManConfig.ps1","0"
"TechNet\Add-RDCManConfigv2.ps1","0"
"TechNet\Add-RotateFlipFilter.ps1","0"
"TechNet\Add-ScaleFilter.ps1","0"
"TechNet\Add-SPWebApplicationBlockedFileExtension.ps1","0"
"TechNet\Add-SPWebApplicationMimeType.ps1","0"
"TechNet\Add-WUOfflineSync (2).ps1","0"
"TechNet\Add-WUOfflineSync (3).ps1","0"
"TechNet\AddAllowedInlineDownloadedMimeTypes.ps1","0"
"TechNet\AddAllSPFieldTypeToList.ps1","0"
"TechNet\AddAttachmentsForAnListItem.ps1","0"
"TechNet\AddhidefilesToContext.psm1","0"
"TechNet\AddImagesToWordDocument.psm1","0"
"TechNet\AddImplementer2MA-V0.1.ps1","0"
"TechNet\AddItemToContext (2).psm1","0"
"TechNet\AddItemToStartup.psm1","0"
"TechNet\AddOneFunctionDoesNotStream.ps1","0"
"TechNet\AddOSCEXOAppointment.psm1","0"
"TechNet\AddProxyAddressForRecipients.ps1","0"
"TechNet\addresslist_forceupdate.ps1","0"
"TechNet\AddScopesAndLeases.ps1","0"
"TechNet\AddTwoError.ps1","0"
"TechNet\adduser.ps1","0"
"TechNet\AddWindowsGadgetToUserProfile.psm1","0"
"TechNet\Add_MIME_Type.ps1","0"
"TechNet\add_PackagesToDPs.ps1","0"
"TechNet\add_remove_ad_groups.ps1","0"
"TechNet\ADFS2.xChangeSvcAcct.ps1","0"
"TechNet\ADGroupSetup.ps1","0"
"TechNet\adinactivemover.ps1","0"
"TechNet\AdjustVirtualMemoryPagingFileSize.psm1","0"
"TechNet\ADModule.psm1","0"
"TechNet\ADReplication (2).psm1","0"
"TechNet\ADReplication (3).psm1","0"
"TechNet\ADReplication.psm1","0"
"TechNet\ADSecurityGroupMemberOf.ps1","0"
"TechNet\ADSI_Unwrapper.ps1","0"
"TechNet\ADSM-1.0.ps1","0"
"TechNet\ADSM-2.0.ps1","0"
"TechNet\adtodb.ps1","0"
"TechNet\ADTrust.ps1","0"
"TechNet\ADuserCountperOU1.ps1","0"
"TechNet\Advanced_ARP_resolution_v1.0.ps1","0"
"TechNet\Ad_Group_Creation_in_Domain.ps1","0"
"TechNet\AD_Password_reset_v1.0.ps1","0"
"TechNet\Ad_Report_Generator_Community.ps1","0"
"TechNet\AD_Users_Created_WithIn_Predifined_Perios.ps1","0"
"TechNet\AD_User_Group_Mailer_Community.ps1","0"
"TechNet\AmoMd_ObjectState.ps1","0"
"TechNet\analyse-access.ps1","0"
"TechNet\Angry desktop.ps1","0"
"TechNet\Archive old files.ps1","0"
"TechNet\ArchiveStatisticsPlanner.ps1","0"
"TechNet\ArposhPCReporter.ps1","0"
"TechNet\AST.psm1","0"
"TechNet\AuditSetup.ps1","0"
"TechNet\AuthoritativeDomainList.ps1","0"
"TechNet\Auto-Location.ps1","0"
"TechNet\AutoCreateECTs.ps1","0"
"TechNet\Automated_Repair_SCCM_Client.ps1","0"
"TechNet\automaticallyinstall.ps1","0"
"TechNet\AutoPublishProject.ps1","0"
"TechNet\AutoWakeTimer.ps1","0"
"TechNet\AWSA.ps1","0"
"TechNet\ayb.ps1","0"
"TechNet\azure powershell demo script.ps1","0"
"TechNet\Backup-RemoteAccess (2).ps1","0"
"TechNet\Backup-ToUSB.ps1","0"
"TechNet\backupAllSiteCollections.ps1","0"
"TechNet\BackupAndRemoveADM.ps1","0"
"TechNet\BackupSsasDatabases.ps1","0"
"TechNet\Backup_MatchingDatabases.ps1","0"
"TechNet\backup_report.ps1","0"
"TechNet\BadScript.ps1","0"
"TechNet\BasicFunctions.psm1","0"
"TechNet\BatchCreateVirtualMachines.psm1","0"
"TechNet\BatchExportVirtualMachines.psm1","0"
"TechNet\BatchModifyDNSConfiguration.ps1","0"
"TechNet\BatchRemoveReadOnlyAttribute.psm1","0"
"TechNet\BatchRenameVirtualMachines.psm1","0"
"TechNet\batch_PowerShell_Detection - Upload.ps1","0"
"TechNet\Beep.ps1","0"
"TechNet\big-mailbox.ps1","0"
"TechNet\binaryclock.ps1","0"
"TechNet\BizTalkSoftwareInventory.ps1","0"
"TechNet\BizTalkVersionEdition.ps1","0"
"TechNet\BlackberryPINPopulation_Gen.ps1","0"
"TechNet\BlobExport_Large.ps1","0"
"TechNet\BlobExport_Small.ps1","0"
"TechNet\Block_Sender_based_on_spam_count.PS1","0"
"TechNet\boot-config.ps1","0"
"TechNet\broadcast_msg_Maxzor1908.ps1","0"
"TechNet\bubblesort.ps1","0"
"TechNet\BuildAX.ps1","0"
"TechNet\BulkFixIssuesOfEventID4107AndEventID11.ps1","0"
"TechNet\bulk_ad_group_creation.ps1","0"
"TechNet\Bulk_Check_AD_Credentials_v1.0.ps1","0"
"TechNet\Bump-Quota.ps1","0"
"TechNet\BusinessLogicDemo.ps1","0"
"TechNet\CASActiveSync.ps1","0"
"TechNet\CASAutodiscover.ps1","0"
"TechNet\CASCertificates.ps1","0"
"TechNet\CASECP.ps1","0"
"TechNet\CASOAB.ps1","0"
"TechNet\CASOWA.ps1","0"
"TechNet\Caspol-Wrapper.ps1","0"
"TechNet\CASServerInformation.ps1","0"
"TechNet\CASWebServices.ps1","0"
"TechNet\CertMan.ps1","0"
"TechNet\Change-ACL.ps1","0"
"TechNet\Change-BrowserFileHandling.ps1","0"
"TechNet\ChangeArchiveStatus.ps1","0"
"TechNet\ChangeDesktopIconSize.ps1","0"
"TechNet\ChangeNumberOfAppsTileRows.psm1","0"
"TechNet\ChangeRequiredStatus.ps1","0"
"TechNet\ChangeTokenLifetime.ps1","0"
"TechNet\ChangeTokenLifetimeWithPrompts.ps1","0"
"TechNet\Change_ComputerName.ps1","0"
"TechNet\Check all lists for specified column type.ps1","0"
"TechNet\Check-CSUser.ps1","0"
"TechNet\Check-DTSRegIssue.ps1","0"
"TechNet\Check-Unmanaged.ps1","0"
"TechNet\Check4kAligned.ps1","0"
"TechNet\checkArgsGetUnhandledArguments.ps1","0"
"TechNet\CheckDHCPDNSCreds.ps1","0"
"TechNet\CheckDiskSpace_post.ps1","0"
"TechNet\CheckEventLogForSqlServerEntries.ps1","0"
"TechNet\CheckFreeSpace.ps1","0"
"TechNet\CheckMaxConcurrentApiScript.ps1","0"
"TechNet\CheckProviderThenQuery.ps1","0"
"TechNet\CheckSPServertime.ps1","0"
"TechNet\CheckSQLInstanceVersionNumber.ps1","0"
"TechNet\CheckSqlServerRelatedServices.ps1","0"
"TechNet\CheckSqlServerRelatedServices_1.ps1","0"
"TechNet\CheckW32TM.ps1","0"
"TechNet\Check_AD_user_Credentials_v1.0.ps1","0"
"TechNet\CircularNestedGroups.ps1","0"
"TechNet\CleanupFiles.ps1","0"
"TechNet\cleanupPermenentEvent.ps1","0"
"TechNet\Clear-Picture.ps1","0"
"TechNet\ClientHelperfunctions.ps1","0"
"TechNet\Clock.psm1","0"
"TechNet\Close-OpenFiles.ps1","0"
"TechNet\Close-Session.ps1","0"
"TechNet\Cloud.psm1","0"
"TechNet\ClusterResource_Details_1.1.ps1","0"
"TechNet\Cluster_Compare_Hotfixes.ps1","0"
"TechNet\CMD_Perf.ps1","0"
"TechNet\Colorize-Table.ps1","0"
"TechNet\CombinationFormatGetIPDemo.ps1","0"
"TechNet\Common.ps1","0"
"TechNet\Compare-ADuserAddGroup.ps1","0"
"TechNet\Compare-ADuserAddGroupGUI.ps1","0"
"TechNet\CompareFilenameMove.ps1","0"
"TechNet\CompareLeases.ps1","0"
"TechNet\CompareOSCmailboxstatistcs.ps1","0"
"TechNet\Compute-IPv6Address.ps1","0"
"TechNet\ComputerAudit.ps1","0"
"TechNet\computerinfoFUnction.ps1","0"
"TechNet\ComputerManagement.ps1","0"
"TechNet\ComputersWithStaticIP.ps1","0"
"TechNet\Comp_Audit_v1.ps1","0"
"TechNet\configalwayson.ps1","0"
"TechNet\Configure-PerformanceMonitor.ps1","0"
"TechNet\Configure-WinSvr8BetaForSP2010.ps1","0"
"TechNet\ConfigureCloud_Converged.ps1","0"
"TechNet\ConfigureCloud_NonConverged.ps1","0"
"TechNet\ConfigureExchangeConnectorPermissions.ps1","0"
"TechNet\ConfigureHyperVCluster.ps1","0"
"TechNet\ConfigureHyperVSettings.ps1","0"
"TechNet\ConfigureNetworking.ps1","0"
"TechNet\ConfigureSQLServerNetworkProtocolForBizTalkServer.ps1","0"
"TechNet\ConfigureStorageCluster.ps1","0"
"TechNet\Confirm-AzureVM.ps1","0"
"TechNet\Connect-Mstsc.ps1","0"
"TechNet\Connect-SPOnline.ps1","0"
"TechNet\ConnectOffice365.ps1","0"
"TechNet\ContentTypeHubCmdLets.ps1","0"
"TechNet\ConversionFunctions.ps1","0"
"TechNet\ConversionModuleV6.psm1","0"
"TechNet\Convert-Byte.ps1","0"
"TechNet\Convert-BytesToSize.ps1","0"
"TechNet\Convert-FspToUsername.ps1","0"
"TechNet\Convert-ImgageType.ps1","0"
"TechNet\Convert-NetSubnetMask.ps1","0"
"TechNet\Convert-Size.ps1","0"
"TechNet\Convert-UserAccountControlValues.ps1","0"
"TechNet\Convert-WindowsImage.ps1","0"
"TechNet\ConvertCSV-ToExcel.ps1","0"
"TechNet\ConvertFrom-EncryptedAdobeKey.ps1","0"
"TechNet\ConvertFrom-LdapFilter.ps1","0"
"TechNet\ConvertOABVDir.ps1","0"
"TechNet\ConvertPowerPointToWordDocument.psm1","0"
"TechNet\ConvertTo-Bitmap.ps1","0"
"TechNet\ConvertTo-Jpeg.ps1","0"
"TechNet\ConvertTo-SplattedParameters.ps1","0"
"TechNet\ConvertToMeters.ps1","0"
"TechNet\ConvertUseFunctions.ps1","0"
"TechNet\convert_base64string_change_domainname_and_convert_back_to_base64_in_ldif_file.ps1","0"
"TechNet\Copy-GroupMembership.ps1","0"
"TechNet\copy-image.ps1","0"
"TechNet\copy-iseprofile.ps1","0"
"TechNet\Copy-Modules.ps1","0"
"TechNet\Copy-OrgContactsToUserContacts.ps1","0"
"TechNet\CopyFilesAndFolders.ps1","0"
"TechNet\CopyModule.psm1","0"
"TechNet\count.ps1","0"
"TechNet\CountEmailsGroupByMonth.ps1","0"
"TechNet\CountGuestBloggerArticlesAndWords.ps1","0"
"TechNet\Create Virtual Machines.ps1","0"
"TechNet\Create-ConvergedNetwork.ps1","0"
"TechNet\Create-DriverStore.ps1","0"
"TechNet\Create-SCCMContainer.ps1","0"
"TechNet\Create-SCVirtualMachineWithDiffDisk.ps1","0"
"TechNet\create-sql-vms.ps1","0"
"TechNet\createag.ps1","0"
"TechNet\CreateAzureFailoverCluster.ps1","0"
"TechNet\createCEEDictionaryFromSPList.ps1","0"
"TechNet\createCPEDictionaryFromSPList.ps1","0"
"TechNet\CreateCustomRoleGroup.ps1","0"
"TechNet\CreateDBmoveAlertsOnAllMBservers.ps1","0"
"TechNet\CreateFarmWithSQLAlias.ps1","0"
"TechNet\CreateFolderV5.ps1","0"
"TechNet\CreateHibernationWindowsTile.ps1","0"
"TechNet\CreateHomeFolder.ps1","0"
"TechNet\CreatePermenantEventToMonitorForNewFilesAndStartScript.ps1","0"
"TechNet\CreateProjPro2010accounts.ps1","0"
"TechNet\CreateRegistryKey.ps1","0"
"TechNet\CreateScriptsForAllTables.ps1","0"
"TechNet\CreateShares.ps1","0"
"TechNet\CreateSiteinNewDB.ps1","0"
"TechNet\CreateSP2013ClaimsWebApplication.ps1","0"
"TechNet\CreateSSTargetApplication.ps1","0"
"TechNet\CreateSwitchUserWindowsTile.ps1","0"
"TechNet\CreateUserProfileServiceApplication.ps1","0"
"TechNet\CreateWebApplication.ps1","0"
"TechNet\CreateWindowsAppsShortcutToDesktop.psm1","0"
"TechNet\CreateWindowsTile.psm1","0"
"TechNet\create_ad_users.ps1","0"
"TechNet\Create_AlwaysOn_AvailabilityGroup.ps1","0"
"TechNet\create_collections.ps1","0"
"TechNet\Create_encryption_Folder_v3_Community.ps1","0"
"TechNet\create_folders.ps1","0"
"TechNet\create_localadmin.ps1","0"
"TechNet\create_metering_rules.ps1","0"
"TechNet\create_packages.ps1","0"
"TechNet\create_programs.ps1","0"
"TechNet\CreatingCustomMailboxes.Ps1","0"
"TechNet\CredMan.ps1","0"
"TechNet\csscript.ps1","0"
"TechNet\customModulesLoader.psm1","0"
"TechNet\CustomRootFolder.ps1","0"
"TechNet\DAGBackup.ps1","0"
"TechNet\DAGDBCopy.ps1","0"
"TechNet\DAGDBSize.ps1","0"
"TechNet\DAGInformation.ps1","0"
"TechNet\DAGNetwork.ps1","0"
"TechNet\DAGReplication.ps1","0"
"TechNet\DAGRPCClientAccessServer.ps1","0"
"TechNet\DailyChecks.ps1","0"
"TechNet\dailyscomreport.ps1","0"
"TechNet\DatabaseChecks.ps1","0"
"TechNet\DataStoreUsageReport (2).ps1","0"
"TechNet\DataStoreUsageReport.ps1","0"
"TechNet\DataStore_by_DataCenter.ps1","0"
"TechNet\DB-Defrag.ps1","0"
"TechNet\DBAGetScriptByLabel.ps1","0"
"TechNet\DChealth.ps1","0"
"TechNet\DebugRemoteWMISession.ps1","0"
"TechNet\Del-LeafADObject_examples.ps1","0"
"TechNet\Delete-ComputerRestorePoint.ps1","0"
"TechNet\Delete-LocalAccount.ps1","0"
"TechNet\DeleteEvilPrintQueueRegKey.ps1","0"
"TechNet\DeleteFilesInRecycleBin.psm1","0"
"TechNet\DeleteFoldersBottomUp.ps1","0"
"TechNet\deleteold.ps1","0"
"TechNet\DeleteTempFils.ps1","0"
"TechNet\DeleteWindowsOld.ps1","0"
"TechNet\Delete_backup_files.ps1","0"
"TechNet\delete_creation_date.ps1","0"
"TechNet\delete_folders.ps1","0"
"TechNet\DeletingFiles.ps1","0"
"TechNet\DemoAddOneFilter.ps1","0"
"TechNet\DemoAddOneFunction.ps1","0"
"TechNet\DemoAddOneR2Function.ps1","0"
"TechNet\DemoFunctionParameters.ps1","0"
"TechNet\DemoTrapSystemException.ps1","0"
"TechNet\deploy-vm-joined.ps1","0"
"TechNet\DeployAX.ps1","0"
"TechNet\Deployment-v3.ps1","0"
"TechNet\Desconnected Users.ps1","0"
"TechNet\Desktop_Management_tool.ps1","0"
"TechNet\DetectWeakRSAKeys.ps1","0"
"TechNet\DhcpFailoverAutoConfigSyncTool.ps1","0"
"TechNet\Directory2Xml.ps1","0"
"TechNet\DisableLowDiskSpaceWarning.ps1","0"
"TechNet\DisableNetworkAdapterPnPCapabilities.ps1","0"
"TechNet\DisableWindowsSearchFeature.psm1","0"
"TechNet\DiscoverySearchSimplified.ps1","0"
"TechNet\Disk Alignment Check.ps1","0"
"TechNet\DiskInformation.ps1","0"
"TechNet\Diskspace.ps1","0"
"TechNet\DiskSpaceStorageReport.ps1","0"
"TechNet\DiskSpaceStorageReportSimplifyFormatingResult.ps1","0"
"TechNet\DiskSpaceStorageReportWithAnonymousSmtpServer.ps1","0"
"TechNet\Disk_Cleaup_Tool.ps1","0"
"TechNet\Display Computers Status And info with GUI.ps1","0"
"TechNet\Display-ADSecurityGroupMemberOf.ps1","0"
"TechNet\DisplayDeletedADObjects.psm1","0"
"TechNet\DisplayEntireTrappedException.ps1","0"
"TechNet\DisplayPartialException.ps1","0"
"TechNet\DisplayWebPartsFromWebPartGallery.ps1","0"
"TechNet\DistributionGroupMemberReport.ps1","0"
"TechNet\DL.ps1","0"
"TechNet\dnload_prereqs.ps1","0"
"TechNet\DNS_modify.ps1","0"
"TechNet\Document-Review-Task.ps1","0"
"TechNet\DocumentVersionsReport.ps1","0"
"TechNet\DotNetPing.ps1","0"
"TechNet\DotSourceScripts.ps1","0"
"TechNet\Download anything.ps1","0"
"TechNet\Download-All_SP2010_PreReqs.ps1","0"
"TechNet\Download-SP-UserSolutions.ps1","0"
"TechNet\Download-SP2013-PreReqs.ps1","0"
"TechNet\Download-SP2013PreReqFiles.ps1","0"
"TechNet\DownloadBlobsFromContentDb.ps1","0"
"TechNet\drivespace.ps1","0"
"TechNet\Drop-Quota.ps1","0"
"TechNet\du.ps1","0"
"TechNet\DynamicDirectory.ps1","0"
"TechNet\E2K10_Architecture_CMD_V2.02.ps1","0"
"TechNet\E2K10_Architecture_GUI_V2.02.ps1","0"
"TechNet\ec2-weekly-backups.ps1","0"
"TechNet\Edit-Cmdlet.ps1","0"
"TechNet\Email-Admin.ps1","0"
"TechNet\Email.ps1","0"
"TechNet\EmailNotifyPasswordsExpiring.ps1","0"
"TechNet\EmailSubnetList.ps1","0"
"TechNet\Enable-DistGrpsFromCsv.ps1","0"
"TechNet\Enable-DotNet4Access.ps1","0"
"TechNet\Enable-RDP.ps1","0"
"TechNet\Enable-TSDuplicateToken.ps1","0"
"TechNet\EnableLyncUsersForEnterpriseVoice.ps1","0"
"TechNet\EnableScope.ps1","0"
"TechNet\Enable_OCS_Users-task-Generic.ps1","0"
"TechNet\EncryptDecryptString.PS1","0"
"TechNet\enrollinstances.ps1","0"
"TechNet\EnumLargeGroup.ps1","0"
"TechNet\EnumOpenFileHandles.ps1","0"
"TechNet\EnumOpenFiles4.ps1","0"
"TechNet\EnumSqlServer.ps1","0"
"TechNet\EventLogMonitor.psm1","0"
"TechNet\EX-Stats.ps1","0"
"TechNet\example-simple.ps1","0"
"TechNet\Excelsheet_into_DataTable2.ps1","0"
"TechNet\Excel_Image_Demo_Cleanup.ps1","0"
"TechNet\Excel_Image_Demo_No_Cleanup.ps1","0"
"TechNet\Exch2010_SynchronousMBXMoves.ps1","0"
"TechNet\Exchange - Quick Configurator.ps1","0"
"TechNet\Exchange-Troubleshooter-GUI.ps1","0"
"TechNet\exchange2010MailboxReportV1.ps1","0"
"TechNet\exchange2010SMTPAddressesReportV1.ps1","0"
"TechNet\ExchangeRollup.ps1","0"
"TechNet\ExchangeRollupE2K7.ps1","0"
"TechNet\ExchangeServersInformation.ps1","0"
"TechNet\ExchangeServices.ps1","0"
"TechNet\ExDoc.ps1","0"
"TechNet\ExecNonQuery.ps1","0"
"TechNet\ExIISLogParser.ps1","0"
"TechNet\ExIISLogParser_Win2008.ps1","0"
"TechNet\ExMsgTracking.ps1","0"
"TechNet\Export-EFS-Certificate-Powershell_Script.ps1","0"
"TechNet\Export-EventLog.ps1","0"
"TechNet\Export-iOSDeviceStatistics.ps1","0"
"TechNet\Export-LastLogonTimes.ps1","0"
"TechNet\Export-Mailbox.ps1","0"
"TechNet\Export-malboxesnotlogged in within X days.ps1","0"
"TechNet\Export-MessageTrackingLogsForRecipient.ps1","0"
"TechNet\Export-OSCEXDistributionGroupMember.ps1","0"
"TechNet\export-shares.ps1","0"
"TechNet\Export-SPSolutions.ps1","0"
"TechNet\ExportAdattributes.ps1","0"
"TechNet\ExportDesignPackage.ps1","0"
"TechNet\ExportEvent.ps1","0"
"TechNet\ExportFiles.ps1","0"
"TechNet\ExportOSCEXOContact.psm1","0"
"TechNet\ExportOSCEXOEmailMessage.psm1","0"
"TechNet\ExportServers.ps1","0"
"TechNet\Export_SP_User_Profile_Information.PS1","0"
"TechNet\ExternalAssemblyFix.ps1","0"
"TechNet\ExternWin32API (2).ps1","0"
"TechNet\ExternWin32API (2)_1.ps1","0"
"TechNet\Extract ProjectServer entries in ULS logs for Log level manager.ps1","0"
"TechNet\ExtractWSPs.ps1","0"
"TechNet\FeedAD.ps1","0"
"TechNet\fileSearch.ps1","0"
"TechNet\FileSharePermissions.psm1","0"
"TechNet\FileShareSetup.ps1","0"
"TechNet\FileSystemWatcher.ps1","0"
"TechNet\FilterHasMessage.ps1","0"
"TechNet\FilterToday.ps1","0"
"TechNet\Find from CSV if users exists in AD.ps1","0"
"TechNet\Find-BrokenInheritance.ps1","0"
"TechNet\Find-ConnectedWebParts.ps1","0"
"TechNet\find-dn.ps1","0"
"TechNet\Find-LocalAdmins.ps1","0"
"TechNet\Find-SPNs.ps1","0"
"TechNet\Find-TypeReference.ps1","0"
"TechNet\Find-WebPart.ps1","0"
"TechNet\FindAndMoveEmptyGroups.ps1","0"
"TechNet\FindLargeDocs.ps1","0"
"TechNet\FindRoamingClientsv2.ps1","0"
"TechNet\FindServerRDPSessions.ps1","0"
"TechNet\FindUserLogonDuration.ps1","0"
"TechNet\Find_Duplicate_Members.ps1","0"
"TechNet\Find_Files.ps1","0"
"TechNet\Find_Folders.ps1","0"
"TechNet\Find_PhysicalHost.ps1","0"
"TechNet\FixContentIndexState.ps1","0"
"TechNet\FixDuplicateMailAddresses.psm1","0"
"TechNet\FixDuplicateUserPrincipalName.psm1","0"
"TechNet\FixEmptyDisplayName.psm1","0"
"TechNet\FixIssuesInKB947222.ps1","0"
"TechNet\FlexLMLibrary.ps1","0"
"TechNet\Folder Mover.ps1","0"
"TechNet\Force_WSUS_checkin.ps1","0"
"TechNet\Foreach-Parallel.ps1","0"
"TechNet\ForestInfo.ps1","0"
"TechNet\FQDN_DN.PS1","0"
"TechNet\FRUtil.ps1","0"
"TechNet\FunctionGetIPDemo.ps1","0"
"TechNet\FunctionTrig.ps1","0"
"TechNet\Function_Add-LogFile.ps1","0"
"TechNet\Function_New-LogFile.ps1","0"
"TechNet\Generate Powershell WMI Class Scripts.ps1","0"
"TechNet\Generate-AllBPA.ps1","0"
"TechNet\Generate-DBBalanceScript.ps1","0"
"TechNet\generate-range.ps1","0"
"TechNet\Generate-StaleUsersReport.ps1","0"
"TechNet\GenerateFirewallRules.ps1","0"
"TechNet\GenerateSolveMaze.ps1","0"
"TechNet\GenericSearch.ps1","0"
"TechNet\Get-ActiveSyncStatsReport.ps1","0"
"TechNet\Get-ADAuditAccess.ps1","0"
"TechNet\Get-ADCount.ps1","0"
"TechNet\Get-ADGroupMembers.ps1","0"
"TechNet\get-ADNestedGroupMembers.ps1","0"
"TechNet\Get-ADObjectMemberOf.ps1","0"
"TechNet\Get-ADObjectProperty.ps1","0"
"TechNet\Get-ADSchemaReport2013.ps1","0"
"TechNet\Get-ADSchemaReportV1.1.ps1","0"
"TechNet\get-adservicepack.ps1","0"
"TechNet\Get-ADTrusts.ps1","0"
"TechNet\Get-ADTrusts_1.ps1","0"
"TechNet\Get-ADUserLastLogon.ps1","0"
"TechNet\Get-All-SCOM-MPs.ps1","0"
"TechNet\get-allmailboxpermissions.ps1","0"
"TechNet\Get-AllowedComputer.ps1","0"
"TechNet\Get-AllowedComputerAndProperty.ps1","0"
"TechNet\Get-AllWarningsAndErrors.ps1","0"
"TechNet\get-application-events.ps1","0"
"TechNet\Get-BadPasswordInfo.ps1","0"
"TechNet\Get-BasicADObject.ps1","0"
"TechNet\Get-Bios.ps1","0"
"TechNet\Get-BiosInformation.ps1","0"
"TechNet\Get-BiosInformationDefaultParam.ps1","0"
"TechNet\Get-Choice.ps1","0"
"TechNet\Get-ChoiceFunction.ps1","0"
"TechNet\Get-CIMFile.ps1","0"
"TechNet\Get-ClientWSUSSetting.ps1","0"
"TechNet\Get-CmdletParameterAlias.ps1","0"
"TechNet\Get-CollectionsByFolder.ps1","0"
"TechNet\Get-ComputerInfo.ps1","0"
"TechNet\Get-ComputerIP.ps1","0"
"TechNet\Get-ComputerService_v1.0.ps1","0"
"TechNet\Get-ComputerSession.ps1","0"
"TechNet\Get-ComputerUpdateRport.ps1","0"
"TechNet\Get-Constructor.ps1","0"
"TechNet\Get-CorrelatedEventLog.ps1","0"
"TechNet\Get-CrashOnAuditFail.ps1","0"
"TechNet\get-credsNoCapsLock.ps1","0"
"TechNet\Get-DatabaseReport.ps1","0"
"TechNet\Get-DatabaseSiz?es.ps1","0"
"TechNet\Get-DefragStatus.ps1","0"
"TechNet\Get-DirectoryListingToday.ps1","0"
"TechNet\Get-DirStats.ps1","0"
"TechNet\Get-DiskSizeInfo.ps1","0"
"TechNet\Get-DiskSpace.ps1","0"
"TechNet\Get-DistributionGroupMembers.ps1","0"
"TechNet\Get-DNSandWINS.ps1","0"
"TechNet\Get-DNSClientCache.ps1","0"
"TechNet\Get-DomainController.ps1","0"
"TechNet\Get-DomainLevelAdmins.ps1","0"
"TechNet\Get-DPMRecoveryPointReport.ps1","0"
"TechNet\Get-DPMSizingValues.ps1","0"
"TechNet\Get-DSTInfo.ps1","0"
"TechNet\Get-EnabledBreakpointsFunction.ps1","0"
"TechNet\Get-EnumValue.ps1","0"
"TechNet\Get-ESXiStorageInformation.ps1","0"
"TechNet\Get-ExchangeCachedMode.ps1","0"
"TechNet\Get-ExchangeDAGReplicationReport (2).ps1","0"
"TechNet\Get-ExchangeEnvironmentReport.ps1","0"
"TechNet\Get-ExchangeReport.ps1","0"
"TechNet\get-exif.ps1","0"
"TechNet\Get-ExSchemaVersions.ps1","0"
"TechNet\Get-Extension.ps1","0"
"TechNet\Get-FailingDrive.ps1","0"
"TechNet\Get-FileContent.ps1","0"
"TechNet\Get-FileHash_1.ps1","0"
"TechNet\Get-FilesByDate.ps1","0"
"TechNet\Get-FilesByDateV2.ps1","0"
"TechNet\Get-FilesOlderThan.ps1","0"
"TechNet\Get-FileTimeStamp.ps1","0"
"TechNet\Get-FileVersion.ps1","0"
"TechNet\Get-FireWallRules.ps1","0"
"TechNet\Get-FolderItem.ps1","0"
"TechNet\Get-FreeDiskSpace.ps1","0"
"TechNet\Get-FreeDiskSpace_1.ps1","0"
"TechNet\Get-FSMORole.ps1","0"
"TechNet\Get-FSMORoleOwner.ps1","0"
"TechNet\Get-FSMORole_2.ps1","0"
"TechNet\Get-FTPChildItem.ps1","0"
"TechNet\Get-FTPItem.ps1","0"
"TechNet\Get-FTPItemSize.ps1","0"
"TechNet\Get-GeneralSystemReport.ps1","0"
"TechNet\Get-GeoIP.ps1","0"
"TechNet\Get-GoogleMap.ps1","0"
"TechNet\Get-GPOSettings.ps1","0"
"TechNet\Get-GprsTime.ps1","0"
"TechNet\Get-GroupPoliciesByGroup.ps1","0"
"TechNet\Get-Group_Membership.ps1","0"
"TechNet\get-harddrive.ps1","0"
"TechNet\Get-HardwareProfile.ps1","0"
"TechNet\Get-HBAWin.ps1","0"
"TechNet\Get-HKCUValue.ps1","0"
"TechNet\Get-HostsFile.ps1","0"
"TechNet\get-hotfixinformation.ps1","0"
"TechNet\Get-IISLastUsed.ps1","0"
"TechNet\Get-IISLogLocation.ps1","0"
"TechNet\Get-Image.ps1","0"
"TechNet\Get-InactiveActiveSyncDevices.ps1","0"
"TechNet\Get-InstalledApplications.ps1","0"
"TechNet\Get-InstalledSoftware.ps1","0"
"TechNet\Get-InUseMemory.ps1","0"
"TechNet\Get-IPAddress.ps1","0"
"TechNet\Get-IPObjectDefaultEnabled.ps1","0"
"TechNet\Get-IPObjectDefaultEnabledFormatNonIPOutput.ps1","0"
"TechNet\Get-LastLogon.ps1","0"
"TechNet\Get-LastLogonStats.ps1","0"
"TechNet\Get-LeaderBoard.ps1","0"
"TechNet\Get-LenovoBIOSSettings.ps1","0"
"TechNet\Get-LinkLayerOUI.ps1","0"
"TechNet\Get-LocalGroup.ps1","0"
"TechNet\Get-LocalGroupAllMembers.ps1","0"
"TechNet\Get-LocalGroupMember.ps1","0"
"TechNet\Get-LocalGroupMembers.ps1","0"
"TechNet\Get-LocalGroupMembership.ps1","0"
"TechNet\Get-LockedOutLocation.ps1","0"
"TechNet\Get-LoggedOnUser.ps1","0"
"TechNet\Get-LoggedOnUsers.ps1","0"
"TechNet\Get-LoggedOnUser_1.ps1","0"
"TechNet\Get-LogonMethod.ps1","0"
"TechNet\Get-LongPathName.ps1","0"
"TechNet\Get-MailboxDatabaseStats.ps1","0"
"TechNet\Get-MailboxesPerOU.ps1","0"
"TechNet\Get-MailboxPermissionsForGroupMembers.ps1","0"
"TechNet\Get-MAXConcurrentAPIReport.ps1","0"
"TechNet\Get-MeetingRoomDetails.ps1","0"
"TechNet\Get-MemoryDump.ps1","0"
"TechNet\Get-MessageSizeLimits.ps1","0"
"TechNet\Get-MSISCSI_MPIO.ps1","0"
"TechNet\get-msoluserlicence.ps1","0"
"TechNet\Get-MyADObject.ps1","0"
"TechNet\Get-MyBios.ps1","0"
"TechNet\Get-MyModule.ps1","0"
"TechNet\Get-NameSpace.ps1","0"
"TechNet\Get-NetlogonLog.ps1","0"
"TechNet\Get-NetRouteTotalMetric.ps1","0"
"TechNet\Get-NetworkInfo.ps1","0"
"TechNet\Get-NetworkStatistics.ps1","0"
"TechNet\Get-NoSettingsGPO.ps1","0"
"TechNet\Get-NtdsDiagnosticLogging.ps1","0"
"TechNet\get-ntfsAccess.ps1","0"
"TechNet\Get-NTPSource.ps1","0"
"TechNet\Get-OABSizes.ps1","0"
"TechNet\Get-ODBCList.ps1","0"
"TechNet\Get-OpenFiles.ps1","0"
"TechNet\Get-OperatingSystemVersion.ps1","0"
"TechNet\Get-OrphanHomeFolder.ps1","0"
"TechNet\Get-OSArchitecture.ps1","0"
"TechNet\Get-PagedADObject.ps1","0"
"TechNet\Get-PendingReboot.ps1","0"
"TechNet\Get-PendingUpdate.ps1","0"
"TechNet\get-PentaxMakerNote.ps1","0"
"TechNet\Get-PKICertificates.ps1","0"
"TechNet\Get-PowerShellRequirements.ps1","0"
"TechNet\Get-PrinterInventory.ps1","0"
"TechNet\Get-PrintJobId.ps1","0"
"TechNet\Get-ProductKey.ps1","0"
"TechNet\Get-PropertyValuesFilter.ps1","0"
"TechNet\get-PublicFolderReplicaItemCounts.ps1","0"
"TechNet\get-receiveconnectorIPS.ps1","0"
"TechNet\Get-RecentEvents.ps1","0"
"TechNet\Get-RecycleBinSize.ps1","0"
"TechNet\Get-RecyleBinItems.ps1","0"
"TechNet\Get-ReliabilityInfo.ps1","0"
"TechNet\Get-Remote-LocalAdmin.ps1","0"
"TechNet\Get-RetentionExpiration.ps1","0"
"TechNet\Get-SCCMClientUpdate.ps1","0"
"TechNet\Get-SchedTasks.ps1","0"
"TechNet\Get-ScheduledTasks.ps1","0"
"TechNet\Get-SchTasks.ps1","0"
"TechNet\Get-SCOMPerfData.ps1","0"
"TechNet\Get-ScreenShot.ps1","0"
"TechNet\Get-ServiceAccountUsage.ps1","0"
"TechNet\Get-ServiceByDisplayOrName.ps1","0"
"TechNet\Get-ServiceData.ps1","0"
"TechNet\Get-SharedMailboxSizes.ps1","0"
"TechNet\Get-SharedSession.ps1","0"
"TechNet\Get-ShareInfo.ps1","0"
"TechNet\Get-SharePermissions.ps1","0"
"TechNet\Get-ShareSize.ps1","0"
"TechNet\Get-SmsWmiClasses.ps1","0"
"TechNet\Get-SPCollects.ps1","0"
"TechNet\Get-SPIISAppPoolInfo.ps1","0"
"TechNet\Get-SPInstalledProducts.ps1","0"
"TechNet\Get-SPInstalledProducts2.ps1","0"
"TechNet\Get-SPLists.ps1","0"
"TechNet\Get-SPW3WPAppPoolInfo.ps1","0"
"TechNet\Get-SPWebApplicationBlockedFileExtension.ps1","0"
"TechNet\Get-SPWebApplicationMimeType.ps1","0"
"TechNet\Get-SQLFileSize.ps1","0"
"TechNet\Get-StrictMode.psm1","0"
"TechNet\Get-StringPermutation.ps1","0"
"TechNet\Get-SubNetItems.ps1","0"
"TechNet\Get-SubNetItems_v1_2.ps1","0"
"TechNet\Get-SystemInfo.ps1","0"
"TechNet\Get-SystemUptime.ps1","0"
"TechNet\get-table.ps1","0"
"TechNet\Get-TextStatistics.ps1","0"
"TechNet\Get-TextStatisticsCallChildFunction-DoesNOTWork-MissingClosingBracket.ps1","0"
"TechNet\Get-TextStatisticsCallChildFunction.ps1","0"
"TechNet\Get-TSLSASecret.ps1","0"
"TechNet\Get-TSSqlSysLogin.ps1","0"
"TechNet\Get-TSWordXMetadata.ps1","0"
"TechNet\Get-UninstallString.ps1","0"
"TechNet\Get-UnlinkedGPO.ps1","0"
"TechNet\Get-Updates.ps1","0"
"TechNet\Get-Uptime.ps1","0"
"TechNet\Get-UptimeDays.ps1","0"
"TechNet\Get-Uptime_1.ps1","0"
"TechNet\Get-USBHistory.ps1","0"
"TechNet\Get-UserADProperties.ps1","0"
"TechNet\Get-UserLogonInformation.ps1","0"
"TechNet\Get-ValidWmiClassFunction.ps1","0"
"TechNet\Get-VMHostInfoSummary.ps1","0"
"TechNet\Get-VMInformation.ps1","0"
"TechNet\Get-VMQCapability.ps1","0"
"TechNet\Get-VMReport.ps1","0"
"TechNet\Get-VMwareLogs.ps1","0"
"TechNet\Get-VMXPath.ps1","0"
"TechNet\Get-VolatileInfo.ps1","0"
"TechNet\Get-VolumeWin32.ps1","0"
"TechNet\Get-Weather.ps1","0"
"TechNet\Get-WebPage.ps1","0"
"TechNet\Get-WebSite.ps1","0"
"TechNet\Get-WebVideoFile.ps1","0"
"TechNet\Get-WfpFilterCount.ps1","0"
"TechNet\Get-WinSat.ps1","0"
"TechNet\Get-WmiClasses.ps1","0"
"TechNet\Get-WMIMethods.ps1","0"
"TechNet\Get-WmiProvider.ps1","0"
"TechNet\Get-WmiProviderFunction.ps1","0"
"TechNet\Get-WSPFilesDeloyed_force.ps1","0"
"TechNet\Get-WUHistory (2).ps1","0"
"TechNet\Get-WUHistory (3).ps1","0"
"TechNet\Get-WUInstall (2).ps1","0"
"TechNet\Get-WUInstall (3).ps1","0"
"TechNet\Get-WUInstall (4).ps1","0"
"TechNet\Get-WUInstall.ps1","0"
"TechNet\Get-WUInstallerStatus (2).ps1","0"
"TechNet\Get-WUInstallerStatus (3).ps1","0"
"TechNet\Get-WUInstall_1.ps1","0"
"TechNet\Get-WUInstall_OldMode.ps1","0"
"TechNet\Get-WUList (2).ps1","0"
"TechNet\Get-WUList (3).ps1","0"
"TechNet\Get-WUList (4).ps1","0"
"TechNet\Get-WUList.ps1","0"
"TechNet\Get-WURebootStatus (2).ps1","0"
"TechNet\Get-WURebootStatus (3).ps1","0"
"TechNet\Get-WUServiceManager (2).ps1","0"
"TechNet\Get-WUServiceManager (3).ps1","0"
"TechNet\Get-WUUninstall (2).ps1","0"
"TechNet\Get-WUUninstall (3).ps1","0"
"TechNet\GetADMTemplates.ps1","0"
"TechNet\GetApprovals.ps1","0"
"TechNet\GetCheckOutFileList.ps1","0"
"TechNet\GetComputerDiskspace.ps1","0"
"TechNet\GetDrivesCheckAllowedValue.ps1","0"
"TechNet\GetDrivesValidRange.ps1","0"
"TechNet\gethardware.ps1","0"
"TechNet\GetInactiveUsers.ps1","0"
"TechNet\getInstalledSoftware.ps1","0"
"TechNet\GetIPDemoSingleFunction.ps1","0"
"TechNet\GetLocalAccount.psm1","0"
"TechNet\GetLoggedOnUsersSanitized.ps1","0"
"TechNet\getlogintimes.ps1","0"
"TechNet\GetMailboxDatabaseStatistics.ps1","0"
"TechNet\GetMailboxDBReport.ps1","0"
"TechNet\GetMailboxInformation.ps1","0"
"TechNet\GetMailboxUsageReport.ps1","0"
"TechNet\GetMessagesStatisticsFromMessageTrackingLog.ps1","0"
"TechNet\GetO365MailboxFolderPermission.ps1","0"
"TechNet\GetOSCCsUserPolicyAssignment.ps1","0"
"TechNet\GetOSCEXODistributionGroupMember.psm1","0"
"TechNet\GetOSCEXOEmailStatistics.psm1","0"
"TechNet\GetOSCEXOMailboxFolderSize.psm1","0"
"TechNet\GetPrivilegedActiveDirectoryGroups.ps1","0"
"TechNet\getprograms.ps1","0"
"TechNet\GetPublicFolderReport.ps1","0"
"TechNet\GetRemoteLogonStatus.ps1","0"
"TechNet\getServerUptime.ps1","0"
"TechNet\GetSortedSubnetStatistics.ps1","0"
"TechNet\GetSPAdministratorsReport.ps1","0"
"TechNet\GetSpecifiedFileExtension.psm1","0"
"TechNet\GET_OS_LOGS_MONTH.ps1","0"
"TechNet\GET_OS_LOGS_YEAR_ARCH.ps1","0"
"TechNet\Get_Overrides_by_Day.ps1","0"
"TechNet\get_specific_files_from_zip.ps1","0"
"TechNet\Get_User_Last_Logon_v1.1.ps1","0"
"TechNet\Goto-Location.ps1","0"
"TechNet\GPOBackupSamp.ps1","0"
"TechNet\GPresult.ps1","0"
"TechNet\GPWmiFilter.psm1","0"
"TechNet\Grab-vmsnapshot.ps1","0"
"TechNet\GroupList.ps1","0"
"TechNet\GUID2ImmutableID.ps1","0"
"TechNet\HardwareInformation.ps1","0"
"TechNet\Hardware_Inventory.ps1","0"
"TechNet\Header.ps1","0"
"TechNet\HeartBeat_Daily.ps1","0"
"TechNet\Helper-base.ps1","0"
"TechNet\Helper.mdl.psm1","0"
"TechNet\Hide-WUUpdate.ps1","0"
"TechNet\HideDriveLetter.psm1","0"
"TechNet\HideFullPathForMappedDrive.psm1","0"
"TechNet\Hierarchy.ps1","0"
"TechNet\HostInstancesProcessID.ps1","0"
"TechNet\HUBBackPressure.ps1","0"
"TechNet\HUBInformation.ps1","0"
"TechNet\hypervcreatevm.ps1","0"
"TechNet\HyperVNetworkVirtualization-SingleSubnetWithGateway.ps1","0"
"TechNet\I-1-OU-import.ps1","0"
"TechNet\I-2-import-Users.ps1","0"
"TechNet\I-3-import-Groups.ps1","0"
"TechNet\I-4-Membership-import.ps1","0"
"TechNet\IERotate.ps1","0"
"TechNet\ik.SQLServer.AliasMgmt.ps1","0"
"TechNet\iloInformation.ps1","0"
"TechNet\Import-ADUserAccounts.ps1","0"
"TechNet\Import-IISlogstoSQL.ps1","0"
"TechNet\Import-ini.ps1","0"
"TechNet\Import-MailboxContacts.ps1","0"
"TechNet\Import-MDTDrivers.ps1","0"
"TechNet\Import-Picture.ps1","0"
"TechNet\import-shares.ps1.ps1","0"
"TechNet\import-vmt.ps1","0"
"TechNet\ImportDesignPackage.ps1","0"
"TechNet\ImportDNSIPAM.ps1","0"
"TechNet\ImportLyncClientContacts.ps1","0"
"TechNet\ImportOSCEXPFContact.psm1","0"
"TechNet\ImportPSModule.psm1","0"
"TechNet\ImportTA.ps1","0"
"TechNet\ImportUsersFromCSVFile.psm1","0"
"TechNet\ImportWSUSUpdates.ps1","0"
"TechNet\import_emc.ps1","0"
"TechNet\InactiveIncidentNotification-V0.2.ps1","0"
"TechNet\IndexOnSPlist.ps1","0"
"TechNet\InLineGetIPDemo.ps1","0"
"TechNet\insertionsort.ps1","0"
"TechNet\Install-Patches.psm1","0"
"TechNet\Install-SP2013PreReqFiles.ps1","0"
"TechNet\Install-SP2013RolesFeatures.ps1","0"
"TechNet\Install-VMIntegrationService.ps1","0"
"TechNet\Install-WSUSServer.ps1","0"
"TechNet\Install.NetFrameWork3.5.ps1","0"
"TechNet\InstallDesktopExperience.ps1","0"
"TechNet\InstallHyperV.ps1","0"
"TechNet\InstallPSModule.ps1","0"
"TechNet\IntegrateSSRSToSharePoint.ps1","0"
"TechNet\Invoke-Async.ps1","0"
"TechNet\invoke-cmd.ps1","0"
"TechNet\Invoke-Defragmentation.ps1","0"
"TechNet\Invoke-Parallel.ps1","0"
"TechNet\Invoke-PSEXEC.ps1","0"
"TechNet\Invoke-RunspaceJob.ps1","0"
"TechNet\Invoke-SecurityTokenRequest.ps1","0"
"TechNet\Invoke-TSMedusa.ps1","0"
"TechNet\Invoke-TSPingSweep.ps1","0"
"TechNet\IpamIntegration_dhcp.ps1","0"
"TechNet\Ipconfig-Release-Renew.ps1","0"
"TechNet\IPInfov2.ps1","0"
"TechNet\IsMember.ps1","0"
"TechNet\IsNumeric.ps1","0"
"TechNet\ItemRotate.ps1","0"
"TechNet\JamesOne-Example.ps1","0"
"TechNet\Join-Domain.ps1","0"
"TechNet\JoinFarmWithSQLAlias.ps1","0"
"TechNet\KCDSetup.ps1","0"
"TechNet\Kerberos.Init.ps1","0"
"TechNet\Kerberos.psm1","0"
"TechNet\LdsExportImport.psm1","0"
"TechNet\LdsExportImport_1.psm1","0"
"TechNet\Leavers_Processs_Community.ps1","0"
"TechNet\LineNumber.ps1","0"
"TechNet\List Elevated Permissions in an Analysis Services Database.ps1","0"
"TechNet\List-FSMO-in-Forest.ps1","0"
"TechNet\ListAllSharedFolderPermission.psm1","0"
"TechNet\ListAllWebTemplates.ps1","0"
"TechNet\Listing Enabled SQL Agent Jobs Executing SSIS Packages.ps1","0"
"TechNet\ListMemberOfSqlServerAdGroupLogins.ps1","0"
"TechNet\listparameters.ps1","0"
"TechNet\ListServerDrivesFreespace.ps1","0"
"TechNet\ListServerDrivesFreespace_1.ps1","0"
"TechNet\ListServerDrivesFreespace_Email.ps1","0"
"TechNet\ListServices.psm1","0"
"TechNet\ListSqlServerRelatedProcessesRemote.ps1","0"
"TechNet\ListUnusedContentDatabases.ps1","0"
"TechNet\LiveAudit.ps1","0"
"TechNet\loadcustomtest6.ps1","0"
"TechNet\LocalAccounts (2).psm1","0"
"TechNet\LocalAccounts.Init (2).ps1","0"
"TechNet\LocalAccounts.psm1","0"
"TechNet\LocateAndRemoveInactiveAccounts.ps1","0"
"TechNet\locked_complete_technet.ps1","0"
"TechNet\logonactivity.ps1","0"
"TechNet\Logs.ps1","0"
"TechNet\LowercaseSmtpAddresses.ps1","0"
"TechNet\LRDMS.ps1","0"
"TechNet\LSInfo.ps1","0"
"TechNet\mailbox-move.ps1","0"
"TechNet\mailbox.ps1","0"
"TechNet\mailboxes_quota_exceeded.ps1","0"
"TechNet\MailboxFolderInfo.ps1","0"
"TechNet\Mailbox_Moves_XML_Parsing.ps1","0"
"TechNet\mailbox_size.ps1","0"
"TechNet\mailer.ps1","0"
"TechNet\mailpermission.ps1","0"
"TechNet\maintmode.ps1","0"
"TechNet\Manage-BackupExec.ps1","0"
"TechNet\Manage-EqualLogicSAN.ps1","0"
"TechNet\Managed Metadata Service Connection Properties .PS1","0"
"TechNet\ManageLargeMessages.ps1","0"
"TechNet\ManageTaxonomy.psm1","0"
"TechNet\mandatoryParameter.ps1","0"
"TechNet\Map.ps1","0"
"TechNet\MapCategoryCrawledProperties.ps1","0"
"TechNet\MassExport.ps1","0"
"TechNet\MaxDegreeOfParallelism.ps1","0"
"TechNet\MBXBackup.ps1","0"
"TechNet\MBXCalRepairAssistant.ps1","0"
"TechNet\MBXDBSize.ps1","0"
"TechNet\MbxImpMigCheck.ps1","0"
"TechNet\MBXInformation.ps1","0"
"TechNet\MBXOAB.ps1","0"
"TechNet\MBXRPCClientAccessServer.ps1","0"
"TechNet\Measure-PerfLog.ps1","0"
"TechNet\MeasureAddOneFilter.ps1","0"
"TechNet\MeasureAddOneFunction.ps1","0"
"TechNet\MeasureAddOneR2Function.ps1","0"
"TechNet\Menu (2).ps1","0"
"TechNet\Menu.ps1","0"
"TechNet\MenuModule.psm1","0"
"TechNet\mergesort.ps1","0"
"TechNet\MessageCenter.ps1","0"
"TechNet\MessageTrackingGUI.ps1","0"
"TechNet\MicrosoftIPMI.psm1","0"
"TechNet\Microsoft_1.PowerShell_profile.ps1","0"
"TechNet\Migrate-ScheduledTasks.ps1","0"
"TechNet\migrate-vm-azure.ps1","0"
"TechNet\migrateMailboxes.ps1","0"
"TechNet\MigrateSplitScopesToFailover.ps1","0"
"TechNet\MigrateVM.ps1","0"
"TechNet\modify-cn.ps1","0"
"TechNet\ModifyContentFilterConfiguration.ps1","0"
"TechNet\ModifyDistributionGroupMembers.ps1","0"
"TechNet\ModifyEmailAddress.ps1","0"
"TechNet\ModifyMailboxFolderPermissions.ps1","0"
"TechNet\ModifyMessageDeliveryRestrictions.ps1","0"
"TechNet\ModifyO365MailboxPermission.ps1","0"
"TechNet\ModifyPictureCompressionResolutionSetting.psm1","0"
"TechNet\ModifyUserPermissionForAllWebsUnderASiteCollection.psm1","0"
"TechNet\monitor-storagegroupcopystatus.ps1","0"
"TechNet\monitorag.ps1","0"
"TechNet\monitorDAG.ps1","0"
"TechNet\MonitorEvents.ps1","0"
"TechNet\MonitorService.ps1","0"
"TechNet\MonitorVM.ps1","0"
"TechNet\movcomp.ps1","0"
"TechNet\Move SharePoint site to new location on the same farm.ps1","0"
"TechNet\Move-LegacyUserToLync.ps1","0"
"TechNet\move-vmstorage2.ps1","0"
"TechNet\MoveDirsWithBITS.ps1","0"
"TechNet\MoveOSCEXOEmailMessage.psm1","0"
"TechNet\MoveReport.ps1","0"
"TechNet\move_collections.ps1","0"
"TechNet\move_metering_rules.ps1","0"
"TechNet\move_packages.ps1","0"
"TechNet\MSE_update_mail_FINAL.ps1","0"
"TechNet\Multi-Ping.ps1","0"
"TechNet\MultipleEnvironmentSystemDeployment.ps1","0"
"TechNet\my-function.ps1","0"
"TechNet\my-function1.ps1","0"
"TechNet\mybios.psm1","0"
"TechNet\myprofile.ps1","0"
"TechNet\NagelAlgo.ps1","0"
"TechNet\NestedGroup.ps1","0"
"TechNet\netlogon.ps1","0"
"TechNet\netstat.ps1","0"
"TechNet\NetworkSettings_v1.0.ps1","0"
"TechNet\Network_Pinger_Ajit_Community.ps1","0"
"TechNet\New User Exchange & Lync Settings.ps1","0"
"TechNet\New-AdInventory.ps1","0"
"TechNet\New-AdTestUsers.ps1","0"
"TechNet\New-BootableUSB.ps1","0"
"TechNet\new-custom-vm.ps1","0"
"TechNet\New-FASTManagedProperty.ps1","0"
"TechNet\New-FTPItem.ps1","0"
"TechNet\New-IscsiDriveMaps.ps1","0"
"TechNet\New-LyncUser.ps1","0"
"TechNet\new-overlay.ps1","0"
"TechNet\New-PrintJob (2).ps1","0"
"TechNet\New-PrintJob.ps1","0"
"TechNet\New-PSObjectFromMatches.ps1","0"
"TechNet\New-RemoteProcess.ps1","0"
"TechNet\New-SharedCalendar.ps1","0"
"TechNet\New-SharedMailbox.ps1","0"
"TechNet\New-SharedMailbox_1.ps1","0"
"TechNet\New-SQL2008R2SlipstreamedSource.ps1","0"
"TechNet\New-SubnetSweep.ps1","0"
"TechNet\New-TenantVLAN.ps1","0"
"TechNet\New-WebClient.ps1","0"
"TechNet\NewExAD.ps1","0"
"TechNet\NewOSCEXOAppointment.psm1","0"
"TechNet\NewRDSDeployment.ps1","0"
"TechNet\newrtf.ps1","0"
"TechNet\NIC_Binding_Order.ps1","0"
"TechNet\Notification_Script.ps1","0"
"TechNet\NTFSSecurity (2).psm1","0"
"TechNet\NTFSSecurity (2)_1.psm1","0"
"TechNet\NTFSSecurity (3).psm1","0"
"TechNet\NTFSSecurity.Init (2).ps1","0"
"TechNet\NTFSSecurity.Init (3).ps1","0"
"TechNet\NTFSSecurity.Init (6).ps1","0"
"TechNet\NTFSSecurity.psm1","0"
"TechNet\NTFSSecurity_1.psm1","0"
"TechNet\O365_Get-MailboxSizeInGB2.ps1","0"
"TechNet\ObjectCacheReport.ps1","0"
"TechNet\Office365Federation.ps1","0"
"TechNet\Office_2010_Trusted_Locations.ps1","0"
"TechNet\oldcom.ps1","0"
"TechNet\oldfiles.ps1","0"
"TechNet\OnboardVM.ps1","0"
"TechNet\OneStepFurtherSnippetExercise.ps1","0"
"TechNet\Open-FunctionInISE.ps1","0"
"TechNet\Open-ISEFunction.ps1","0"
"TechNet\OpenWebParts.ps1","0"
"TechNet\Open_IE_Width_Height.ps1","0"
"TechNet\Out-ExcelPivotTable.ps1","0"
"TechNet\Out-HashTableToXml.ps1","0"
"TechNet\OutOSCEXEvents.ps1","0"
"TechNet\OversizedMailboxesReportV1.ps1","0"
"TechNet\Overview _AD_Forest_Information.ps1","0"
"TechNet\pAdddns.ps1","0"
"TechNet\ParseLog.ps1","0"
"TechNet\PassExpiryMailWarning.ps1","0"
"TechNet\passwordexpire.ps1","0"
"TechNet\PasswordGeneratorV2.ps1","0"
"TechNet\PasswordReport-forRepository.ps1","0"
"TechNet\Ping-TCP.ps1","0"
"TechNet\Ping-Uptime-Status.ps1","0"
"TechNet\pingresult.ps1","0"
"TechNet\PingStatusWithUptime.ps1","0"
"TechNet\Ping_Multiple_Servers.ps1","0"
"TechNet\Ping_Multiple_Server_With_Email.ps1","0"
"TechNet\Ping_Multiple_Server_With_Traceroute.ps1","0"
"TechNet\PinItemToStartMenu.ps1","0"
"TechNet\PinToStartAndTaskBar.ps1","0"
"TechNet\Poison.ps1","0"
"TechNet\PolicyReport.ps1","0"
"TechNet\Populate_Test_Domains_v1.0.ps1","0"
"TechNet\poshWSUS.psm1","0"
"TechNet\PostNLB (2).ps1","0"
"TechNet\PowerProwl.psm1","0"
"TechNet\Powershell-CSV-Demo-Part-1.ps1","0"
"TechNet\Powershell-CSV-Demo-Part-2-Adding.ps1","0"
"TechNet\Powershell-CSV-Demo-Part-2-Removing.ps1","0"
"TechNet\PowerShellISEModule.psm1","0"
"TechNet\PowerShellOrgPeopleProfileSampleScript.ps1","0"
"TechNet\PowerShellRunAs.ps1","0"
"TechNet\PowershellVD.ps1","0"
"TechNet\Powershell_Reminders.ps1","0"
"TechNet\Power_Scheme_Applier.ps1","0"
"TechNet\PreNLB (2).ps1","0"
"TechNet\PrepopulatePasswordCacheForRODC.ps1","0"
"TechNet\Print (2).ps1","0"
"TechNet\Printer_Inventory.ps1","0"
"TechNet\PrintServerManagement.ps1","0"
"TechNet\PrintSPVersionAndProducts.ps1","0"
"TechNet\privilegedUsersV2.ps1","0"
"TechNet\Problematic_Services.ps1","0"
"TechNet\ProcessorLoad.ps1","0"
"TechNet\ProfileDelete.ps1","0"
"TechNet\ProfileRemovalGUI_1_3.ps1","0"
"TechNet\ProjectServer-MSExchange-ADPermission-AllActiveUsers.ps1","0"
"TechNet\PromptForChoiceExercise.ps1","0"
"TechNet\ProxyAddressCount-v3.3.ps1","0"
"TechNet\PS2010-DeployEventHandlerUsingPowershell.ps1","0"
"TechNet\PS2010-Powershell-AddCalendarExceptions.ps1","0"
"TechNet\PS2010-Powershell-ReadResourceGroup.ps1","0"
"TechNet\PS2010-Powershell-UpdateTaskProperties.ps1","0"
"TechNet\PS2010_Create_Project_Using_Powershell.ps1","0"
"TechNet\PSFTP.psm1","0"
"TechNet\PSISELibrary.ps1","0"
"TechNet\PSLog (2).psm1","0"
"TechNet\PSLog (3).psm1","0"
"TechNet\PSLog.psm1","0"
"TechNet\PSSharedSession.psm1","0"
"TechNet\PSWindowsUpdate (2).psm1","0"
"TechNet\PS_Email_Forward.ps1","0"
"TechNet\PublicFolderDB.ps1","0"
"TechNet\PublicFolderRightsManagement.ps1","0"
"TechNet\PublishProjectsfromatextfile.ps1","0"
"TechNet\PublishSpecificProjectsUsingPSI.ps1","0"
"TechNet\purgeoeminf.ps1","0"
"TechNet\PWtool_public.ps1","0"
"TechNet\QfeLibrary.ps1","0"
"TechNet\Query-EventViewerLogs.ps1","0"
"TechNet\Query-SPSearch.ps1","0"
"TechNet\QueryNotificationForMonitoringDataChanges.ps1","0"
"TechNet\QueryService.ps1","0"
"TechNet\QueryWindows8ActivationStatus.psm1","0"
"TechNet\query_domain_computers_for_activation_state.ps1","0"
"TechNet\QueuejobstatusAudit.ps1","0"
"TechNet\quicksort.ps1","0"
"TechNet\readline (2).psm1","0"
"TechNet\readline (2)_1.psm1","0"
"TechNet\readline (3).psm1","0"
"TechNet\readline (3)_1.psm1","0"
"TechNet\readline (4).psm1","0"
"TechNet\readline.psm1","0"
"TechNet\readline_1.psm1","0"
"TechNet\Reboot-Computer.ps1","0"
"TechNet\RebrandOWA.PS1","0"
"TechNet\Receive-Credential.ps1","0"
"TechNet\RecoverListFromUnAttachedContentDB.ps1","0"
"TechNet\RecycleBinReport.ps1","0"
"TechNet\RefreshWindows8.psm1","0"
"TechNet\RegExSearch.ps1","0"
"TechNet\RegistrySecurity.Init.ps1","0"
"TechNet\RegistrySecurity.psm1","0"
"TechNet\ReinitializeOfflineFilesCacheAndDatabase.psm1","0"
"TechNet\Release-Renew-IpAdress.ps1","0"
"TechNet\remote-lock.ps1","0"
"TechNet\Remote-Netstat.ps1","0"
"TechNet\Remote-Office-TImes.ps1","0"
"TechNet\remotecmd.ps1","0"
"TechNet\RemoteSqlServerAliasConfiguration.ps1","0"
"TechNet\RemoteWMISessionNoDebug.ps1","0"
"TechNet\remote_add_users.ps1","0"
"TechNet\Remote_Server_Network_Information.ps1","0"
"TechNet\remove-ADM.PS1","0"
"TechNet\Remove-ComObject.ps1","0"
"TechNet\Remove-EmptyFolders.ps1","0"
"TechNet\Remove-Files.ps1","0"
"TechNet\Remove-FTPItem.ps1","0"
"TechNet\Remove-InvalidFileNameChars.ps1","0"
"TechNet\Remove-LocalProfile.ps1","0"
"TechNet\Remove-RecycleBinItems.ps1","0"
"TechNet\Remove-SPUserBulk.ps1","0"
"TechNet\Remove-SPWebApplicationBlockedFileExtension.ps1","0"
"TechNet\Remove-SPWebApplicationMimeType.ps1","0"
"TechNet\Remove-Users.ps1","0"
"TechNet\Remove-WUOfflineSync (2).ps1","0"
"TechNet\Remove-WUOfflineSync (3).ps1","0"
"TechNet\RemoveDBmoveAlertsOnAllMBservers.ps1","0"
"TechNet\RemoveDNSSECdemo.ps1","0"
"TechNet\RemoveEmailAddress.ps1","0"
"TechNet\RemoveExchangeattributes.ps1","0"
"TechNet\RemoveInternetExplorer.psm1","0"
"TechNet\RemoveInvaildShortcutInStartScreen.ps1","0"
"TechNet\RemoveNotesInPowerPoint.psm1","0"
"TechNet\RemoveOldComputersFromSCCM.ps1","0"
"TechNet\RemovePkgFromDP.ps1","0"
"TechNet\RemoveSPsiteUsers.psm1","0"
"TechNet\RemoveWindowsStoreApp.ps1","0"
"TechNet\Remove_Ost_user_App_Data.ps1","0"
"TechNet\rename cluster disk rsrc.ps1","0"
"TechNet\Rename-Computer.ps1","0"
"TechNet\Rename-FileExtension.ps1","0"
"TechNet\Rename-FTPItem.ps1","0"
"TechNet\RenameOSCEXOTask.psm1","0"
"TechNet\rename_files.ps1","0"
"TechNet\ReomveSIDFromACL.ps1","0"
"TechNet\Repadmin-ShowRepl-HTMLReports.ps1","0"
"TechNet\Repair-ExchangeSearchSymlinks.ps1","0"
"TechNet\Repair-Rights.ps1","0"
"TechNet\Replace.ps1","0"
"TechNet\ReplaceDNSRecords.ps1","0"
"TechNet\Report-DistributionGroupMember.ps1","0"
"TechNet\Report-MailboxAuditLog.ps1","0"
"TechNet\Report.Ps1","0"
"TechNet\Reset-BrokenInheritance.ps1","0"
"TechNet\Reset-Hidden_Folders.ps1","0"
"TechNet\Reset-Ie-Default.ps1","0"
"TechNet\ResetDemo.ps1","0"
"TechNet\ResetExplicitDACLsOnFolders.ps1","0"
"TechNet\ResetPassword.psm1","0"
"TechNet\Resolve-ASN.ps1","0"
"TechNet\Resolve-WhoIs.ps1","0"
"TechNet\Resolve-ZipCode.ps1","0"
"TechNet\Response_time_Multiple_Servers.ps1","0"
"TechNet\Restart-ComputerJob.ps1","0"
"TechNet\RestartComputerJob.ps1","0"
"TechNet\Restore-RemoteAccess (2).ps1","0"
"TechNet\Restore-SPVersion.ps1","0"
"TechNet\RestoreADMFiles.ps1","0"
"TechNet\RetrievePassword.ps1","0"
"TechNet\RetriveSharePointListData.ps1","0"
"TechNet\ReturnDefaultSQLFilePaths.ps1","0"
"TechNet\ReturnParameterValues.ps1","0"
"TechNet\Robocopy&PowerShell.ps1","0"
"TechNet\RODCpwds.ps1","0"
"TechNet\RoleAssignment.ps1","0"
"TechNet\rolesout.ps1","0"
"TechNet\RPCClientAccess.ps1","0"
"TechNet\RSAT_Deployment.ps1","0"
"TechNet\RSSTickerModule.psm1","0"
"TechNet\Run-Script.ps1","0"
"TechNet\RYOHealthCheck.ps1","0"
"TechNet\S.DS.P.psm1","0"
"TechNet\Samay-Digital clock.ps1","0"
"TechNet\SameSubnetCalculator.ps1","0"
"TechNet\Santimeout.ps1","0"
"TechNet\Save-Email.ps1","0"
"TechNet\save-image.ps1","0"
"TechNet\SCCMGroupMaint-clear.ps1","0"
"TechNet\SCCMTools.ps1","0"
"TechNet\SCCM_Health.ps1","0"
"TechNet\SCOMAgentAudit.ps1","0"
"TechNet\SCOMOpenAlerts.ps1","0"
"TechNet\ScopeLevelMacFiltering.ps1","0"
"TechNet\script.ps1","0"
"TechNet\Search configuration SP2013.PS1","0"
"TechNet\Search-Online-ADComputers_v1.2.ps1","0"
"TechNet\Search-WMINameSpace.ps1","0"
"TechNet\search.ps1","0"
"TechNet\SearchAD_LocalAdmin_Send_Email.ps1","0"
"TechNet\SearchBoxWebPart.PS1","0"
"TechNet\SearchOSCCSUser.ps1","0"
"TechNet\SearchOSCEXLegacyDN.psm1","0"
"TechNet\SearchZIP.psm1","0"
"TechNet\search_string_match_in_files.ps1","0"
"TechNet\SecurityReport.ps1","0"
"TechNet\Select-FromGridView.ps1","0"
"TechNet\Select-FromTextMenu.ps1","0"
"TechNet\select-item.ps1","0"
"TechNet\Select-MenuItem.ps1","0"
"TechNet\SelectOptimalDatabases.ps1","0"
"TechNet\Send-HTMLEmail.ps1","0"
"TechNet\Send-LotusNotesMail.ps1","0"
"TechNet\Send-MailboxDatabaseStatsEmail.ps1","0"
"TechNet\Send-NetMessage.ps1","0"
"TechNet\Send-TSMessageBox.ps1","0"
"TechNet\sendmail.psm1","0"
"TechNet\sendmail2_1.psm1","0"
"TechNet\SendOSCEXOMailMessage.psm1","0"
"TechNet\SendWelcomeMessage.ps1","0"
"TechNet\Send_Html_Email.ps1","0"
"TechNet\server_reboot.ps1","0"
"TechNet\service_check.ps1","0"
"TechNet\Set-ActiveSyncEnabled.ps1","0"
"TechNet\Set-ADAccountasLocalAdministrator.ps1","0"
"TechNet\Set-ClientWSUSSetting.ps1","0"
"TechNet\Set-CustomADOUPermissions.ps1","0"
"TechNet\Set-DNSServerSearchOrder.ps1","0"
"TechNet\set-employeeType.ps1","0"
"TechNet\Set-FileLines.ps1","0"
"TechNet\Set-FineGrainedPasswordPolicy.ps1","0"
"TechNet\Set-FSMORoleOwner.ps1","0"
"TechNet\Set-FSRMQuota.ps1","0"
"TechNet\Set-FTPConnection.ps1","0"
"TechNet\Set-IISLogLocation.ps1","0"
"TechNet\Set-ImageFilter.ps1","0"
"TechNet\Set-ImageSize.ps1","0"
"TechNet\Set-InheritablePermissionsOnProfileStore.ps1","0"
"TechNet\set-ip.ps1","0"
"TechNet\Set-MaxWindowSize.ps1","0"
"TechNet\Set-NtdsDiagnosticLogging.ps1","0"
"TechNet\Set-Password.ps1","0"
"TechNet\Set-PCVolume.ps1","0"
"TechNet\Set-RemoteRegistry.ps1","0"
"TechNet\Set-SPDocumentLibraryBrowserFileHandling.ps1","0"
"TechNet\Set-SpecificDocumentProperties.ps1","0"
"TechNet\Set-SPSmailOptin.ps1","0"
"TechNet\Set-StaticPorts.ps1","0"
"TechNet\Set-TimeZone.ps1","0"
"TechNet\Set-UserTileFromAD.ps1","0"
"TechNet\Set-WmiSinglePort.ps1","0"
"TechNet\SetColumnDefaultValue.ps1","0"
"TechNet\SetLogonHours.ps1","0"
"TechNet\SetOffice365PowerShellProfile.psm1","0"
"TechNet\SetOSCCsUserPhoto.ps1","0"
"TechNet\SetOSCEXOCalendarFolderPermission.psm1","0"
"TechNet\SetOSCEXOEmailSignature.psm1","0"
"TechNet\SetOSCSPUserPicture.psm1","0"
"TechNet\SetOSCSPUserProfileSyncSvc.ps1","0"
"TechNet\SetRefreshImage.psm1","0"
"TechNet\SetScheduledStartEndFromCRtoMA.ps1","0"
"TechNet\SetSPNDupl.ps1","0"
"TechNet\SetSPNView.ps1","0"
"TechNet\SetStartScreenAnimation.psm1","0"
"TechNet\SettingIETabProcessGrowth.ps1","0"
"TechNet\settings.ps1","0"
"TechNet\settings_converged.ps1","0"
"TechNet\settings_nonconverged.ps1","0"
"TechNet\SetupCA.ps1","0"
"TechNet\SetupDNSSECdemo.ps1","0"
"TechNet\SetupSMBSharesWithHyperV.ps1","0"
"TechNet\setusertile.ps1","0"
"TechNet\Shared_Mailbox.ps1","0"
"TechNet\SharePointInstall.ps1","0"
"TechNet\SharePointManagement.ps1","0"
"TechNet\SharePointWarmup.ps1","0"
"TechNet\shouldProcessCreateFolder.ps1","0"
"TechNet\Show-Colour.ps1","0"
"TechNet\Show-Desktop.ps1","0"
"TechNet\show-mp-mappings.ps1","0"
"TechNet\Show-MsgBox.ps1","0"
"TechNet\Show-Popup.ps1","0"
"TechNet\ShowUI_TextConverter.ps1","0"
"TechNet\SIDHistory-Welcome.ps1","0"
"TechNet\SIDHistory.psm1","0"
"TechNet\SID_History_Sample_Usage_Code.ps1","0"
"TechNet\SimpleHyperVNetworkVirtualizationDemo.ps1","0"
"TechNet\SimpleTypingError.ps1","0"
"TechNet\SimpleTypingErrorNotReported.ps1","0"
"TechNet\Smart_Backup_Create folders_by_Date.ps1","0"
"TechNet\SmoDb.ps1","0"
"TechNet\sMonitor.ps1","0"
"TechNet\SnapshotReport.ps1","0"
"TechNet\SnippetModule.psm1","0"
"TechNet\SoftInventory_multi-Excel.ps1","0"
"TechNet\SoftInventory_multi.ps1","0"
"TechNet\Software_Inventory.ps1","0"
"TechNet\Software_Inventory_Remote_machine.ps1","0"
"TechNet\SOLVIN_EasyArchive.ps1","0"
"TechNet\SOLVIN_EasyCheckIn.ps1","0"
"TechNet\SOLVIN_EasyPublish.ps1","0"
"TechNet\sort-withcustomlist.ps1","0"
"TechNet\SP2010GetCustomListColumnDetails.ps1","0"
"TechNet\SP2010_ArrangingViews.ps1","0"
"TechNet\SP2010_FileCountByTypeInSCollection.ps1","0"
"TechNet\SP2010_FindingItemDuplicates.ps1","0"
"TechNet\SPListEnumerator.ps1","0"
"TechNet\SPLogging.ps1","0"
"TechNet\SPLoggingDemo.ps1","0"
"TechNet\Spooler.ps1","0"
"TechNet\SPProfileDump.ps1","0"
"TechNet\SPv3Adapter.mdl.psm1","0"
"TechNet\SP_Display-FeaturesActivated2.ps1","0"
"TechNet\SP_Display-FeaturesActivated3_2007.ps1","0"
"TechNet\SQLDatabaseBackupInfo.ps1","0"
"TechNet\SQLDBDoc_v1.ps1","0"
"TechNet\SQLJobMonitor.ps1","0"
"TechNet\SqlQueryWithFormattedTableOutput.ps1","0"
"TechNet\SQLServerInfo.ps1","0"
"TechNet\SR.ps1","0"
"TechNet\SRVrecord.ps1","0"
"TechNet\SsasDimensionsProcessUpdate.ps1","0"
"TechNet\SsrsCleanupReportHistrorySnapshots.ps1","0"
"TechNet\SsrsWakeUpCall.ps1","0"
"TechNet\SsrsWakeUpCall_Simplified.ps1","0"
"TechNet\SSRS_ExportReports.ps1","0"
"TechNet\SSRS_ExportReports_2.ps1","0"
"TechNet\Start-Chkdsk.ps1","0"
"TechNet\Start-CountDownTimer.ps1","0"
"TechNet\Start-DiskDefrag.ps1","0"
"TechNet\Start-KeepAlive.ps1","0"
"TechNet\Start-Monitor.ps1","0"
"TechNet\Start-MonitorOnline.ps1","0"
"TechNet\Start-MyRoboCopy.ps1","0"
"TechNet\Start-PoshChatServer.ps1","0"
"TechNet\Start-QuotaReport.ps1","0"
"TechNet\Start-SCOMMaintenanceModeForGroups_v4.ps1","0"
"TechNet\Start-Stopped_service.ps1","0"
"TechNet\Start-VMDeploy.ps1","0"
"TechNet\StartWorkflow.psm1","0"
"TechNet\Static-Ip.ps1","0"
"TechNet\StopIncomingEmailService.ps1","0"
"TechNet\StorageEvents.ps1","0"
"TechNet\StorageIoPerformanceTester.ps1","0"
"TechNet\StoragePerfCounters.ps1","0"
"TechNet\StorageSpaces.psm1","0"
"TechNet\StorageSpacesPerformance.psm1","0"
"TechNet\StoredCreds.ps1","0"
"TechNet\StripedBackupOfSqlServerDatabases.ps1","0"
"TechNet\SubversionManagement.ps1","0"
"TechNet\SupportingFunctionsMultiSite.ps1","0"
"TechNet\SupportingFunctionsS2S.ps1","0"
"TechNet\SwitchGUIServerCORE.ps1","0"
"TechNet\Sync-UserProfilePicture-with-AD-Attribute.ps1","0"
"TechNet\SyncNPSConfiguration.ps1","0"
"TechNet\syslog-datastore-export.ps1","0"
"TechNet\SystemHealthReport.psm1","0"
"TechNet\SystemInfo_(Excel)_1.ps1","0"
"TechNet\Take-ScreenShot.ps1","0"
"TechNet\TakeAllGPOs.ps1","0"
"TechNet\TermApp.ps1","0"
"TechNet\Test-ComputerPath.ps1","0"
"TechNet\Test-Connection.ps1","0"
"TechNet\Test-ExchangeServerHealth.ps1","0"
"TechNet\Test-HelpMessage.ps1","0"
"TechNet\Test-IsAdmin.ps1","0"
"TechNet\Test-MailFlow-EWS.ps1","0"
"TechNet\test-mandatory.ps1","0"
"TechNet\Test-Online.ps1","0"
"TechNet\Test-ParameterSet.ps1","0"
"TechNet\Test-PipedValue.ps1","0"
"TechNet\Test-PipedValueByPropertyName.ps1","0"
"TechNet\Test-Port.ps1","0"
"TechNet\Test-Positional.ps1","0"
"TechNet\test-server.ps1","0"
"TechNet\Test-ValueFromRemainingArguments.ps1","0"
"TechNet\Test-WinRM.ps1","0"
"TechNet\TestASConnectivity.ps1","0"
"TechNet\TestECPConnectivity.ps1","0"
"TechNet\TestExcelDemo.ps1","0"
"TechNet\TestFOPEAddress.ps1","0"
"TechNet\TestMailflow.ps1","0"
"TechNet\TestMAPIConnectivity.ps1","0"
"TechNet\TestOLConnectivity.ps1","0"
"TechNet\TestOutlookWebServices.ps1","0"
"TechNet\TestOWAConnectivity.ps1","0"
"TechNet\TestOWServices.ps1","0"
"TechNet\TestPowershellConnectivity.ps1","0"
"TechNet\TestPWSConnectivity.ps1","0"
"TechNet\TestTryCatchFinally.ps1","0"
"TechNet\TestTryMultipleCatchFinally.ps1","0"
"TechNet\Test_Accounts_Notification_v1.0.ps1","0"
"TechNet\Test_Account_Creation_v1.0.ps1","0"
"TechNet\Test_Account_Removal_v1.0.ps1","0"
"TechNet\TextFileRowSplit.ps1","0"
"TechNet\TextFunctions.ps1","0"
"TechNet\Toggle-Wireless.ps1","0"
"TechNet\toh_recursive.ps1","0"
"TechNet\Topology.psm1","0"
"TechNet\TopXExternalMailSenders.ps1","0"
"TechNet\TopXMailboxes.ps1","0"
"TechNet\TotalEmailsSentReceivedPerDay.ps1","0"
"TechNet\TotalEmailsSentReceivedPerHour.ps1","0"
"TechNet\TotalEmailsSentReceivedPerWeek.ps1","0"
"TechNet\TotalEmailsSentReceivedPerWeekIntExt.ps1","0"
"TechNet\TowerOfHanoi.ps1","0"
"TechNet\TrapNonTerminatingError.ps1","0"
"TechNet\Troubleshoot-MailboxServer.ps1","0"
"TechNet\Truncate-SPList.ps1","0"
"TechNet\TryCatchFinallyExercise.ps1","0"
"TechNet\TSTool3.ps1","0"
"TechNet\UnassignedIncidentsMail-V0.4.ps1","0"
"TechNet\UndoCheckOut.ps1","0"
"TechNet\Uninstall-WSUSServer.ps1","0"
"TechNet\uninstall.ps1","0"
"TechNet\unPoison.ps1","0"
"TechNet\Update Project Server lookup table.ps1","0"
"TechNet\Update-AdminPassword.ps1","0"
"TechNet\Update-DeptGPOs.ps1","0"
"TechNet\Update-DPMSpreadSheet.ps1","0"
"TechNet\Update-FileRepository.ps1","0"
"TechNet\Update-RBAGs.ps1","0"
"TechNet\Update-sysinternals.ps1","0"
"TechNet\Update-SysinternalsSuite.ps1","0"
"TechNet\Update-VmFromTemplate.ps1","0"
"TechNet\UpdateFBAUserDisplayname.psm1","0"
"TechNet\UpdatePageSummaryLinks.ps1","0"
"TechNet\updatePictureUrl.ps1","0"
"TechNet\UpdateSOA.ps1","0"
"TechNet\UpdateSpecifiedAbsoluteURLtoRelativeURL.ps1","0"
"TechNet\UpdateTopLinks.ps1","0"
"TechNet\UpdateUserDisplayNames.ps1","0"
"TechNet\UpdateUsers.ps1","0"
"TechNet\Update_Extracted_RDLs.ps1","0"
"TechNet\upgrade-datastore.ps1","0"
"TechNet\UpgradeFeature.PS1","0"
"TechNet\Uptime.ps1","0"
"TechNet\URLMonitoring.ps1","0"
"TechNet\USB_Backup_Community.ps1","0"
"TechNet\Use-Zip.ps1","0"
"TechNet\UseADCmdletsToCreateOuComputerAndUser.ps1","0"
"TechNet\UseCmdLetBindingTodetectUnhandledArgus.ps1","0"
"TechNet\User Access Report.ps1","0"
"TechNet\User Profile Service Application permissions.PS1","0"
"TechNet\UsersAreAuthenticatedInDomainController.ps1","0"
"TechNet\v4Tov6.ps1","0"
"TechNet\v6Tov4.ps1","0"
"TechNet\View-CalendarPermissions.ps1","0"
"TechNet\VM-Details.ps1","0"
"TechNet\vmprocs.ps1","0"
"TechNet\vmware resource count-Script.ps1","0"
"TechNet\wan-monitor.ps1","0"
"TechNet\WarmupSiteApplication.ps1","0"
"TechNet\WDS.psm1","0"
"TechNet\WeatherTicker.psm1","0"
"TechNet\WebConfigModifications.ps1","0"
"TechNet\WEBServicesConnectivity.ps1","0"
"TechNet\WindowsFirewallManagement.ps1","0"
"TechNet\WindowsKeyBinding (2).psm1","0"
"TechNet\WindowsKeyBinding (2)_1.psm1","0"
"TechNet\WindowsKeyBinding (3).psm1","0"
"TechNet\WMI Information Explorer.ps1","0"
"TechNet\Write-File.ps1","0"
"TechNet\WSBNetworkBackup-1.0.ps1","0"
"TechNet\WSUS-DELAY-AUTO-APPROVALS_v1.3.ps1","0"
"TechNet\WSUS_Clean.ps1","0"
"TechNet\WSUS_Cleanup_All_Servers.v1.1.ps1","0"
"TechNet\WSUS_Reset.ps1","0"
"TechNet\X-1-OU-export.ps1","0"
"TechNet\X-2-group-export.ps1","0"
"TechNet\X-4-groupmember-export.ps1","0"
"TechNet\xboxLiveWidget.ps1","0"
"TechNet\xenserver-update-script_v09.7.ps1","0"
"TechNet\ZTI_DetermineOUname.ps1","0"
"TechNet\_Compare&ZIP_English_version.ps1","0"
"TechNet\anotherScriptWithAliases.ps1","1"
"TechNet\ANUC.ps1","1"
"TechNet\Clear-OLKFolder.ps1","1"
"TechNet\CreateTestFiles.ps1","1"
"TechNet\Debug-Regex.psm1","1"
"TechNet\DefaultParameterSet.ps1","1"
"TechNet\DellServiceTag.ps1","1"
"TechNet\DotNetVersion.ps1","1"
"TechNet\ExpandGZipFile.psm1","1"
"TechNet\Generate-OID.ps1","1"
"TechNet\Get-AllUserMuiCached.ps1","1"
"TechNet\Get-BingPhotos.ps1","1"
"TechNet\Get-ContentSSA.ps1","1"
"TechNet\Get-FileHash.ps1","1"
"TechNet\get-IndexedItem (2).ps1","1"
"TechNet\get-IndexedItem.ps1","1"
"TechNet\Get-MalwareStats.ps1","1"
"TechNet\Get-MegaMillionsWinner.ps1","1"
"TechNet\Get-QuerySSA.ps1","1"
"TechNet\Get-SpecificDocumentProperties.ps1","1"
"TechNet\Get-StringHash.ps1","1"
"TechNet\Get-UptimeAsyn.ps1","1"
"TechNet\Get-VolumeFreeSpace.ps1","1"
"TechNet\GetNetAdapterProperty.ps1","1"
"TechNet\HardwareManagement.psm1","1"
"TechNet\ImportDHCPLeaseIPAM.ps1","1"
"TechNet\install.ps1","1"
"TechNet\List-RID-Pools.ps1","1"
"TechNet\MailboxBillingReport_Gen.ps1","1"
"TechNet\MailboxRedistribution.ps1","1"
"TechNet\MessageTracking.ps1","1"
"TechNet\Microsoft.PowerShell_profile.ps1","1"
"TechNet\MS-UPD-LOAD.psm1","1"
"TechNet\MyFormat_1.0.ps1","1"
"TechNet\NetworkManagement.ps1","1"
"TechNet\new-logonBackground.ps1","1"
"TechNet\O365-Fed-MetaData-Update-Task-Installation.ps1","1"
"TechNet\Office 365 - Client Access Policy Builder.ps1","1"
"TechNet\pingpcs.ps1","1"
"TechNet\PowerShell-ActiveDirectoryOrganizeWin7ByIP-AD2008R2.ps1","1"
"TechNet\PowerShell-ActiveDirectoryOrganizeWin7ByIP-QuestActiveRoles.ps1","1"
"TechNet\PreventStorm.ps1","1"
"TechNet\PS2010_Create_Project_with CF_Using_PowerShell.ps1","1"
"TechNet\PublishAllProjects.ps1","1"
"TechNet\QuickDataWipeViaTruncate.ps1","1"
"TechNet\random.ps1","1"
"TechNet\RemoteInstallCertificate.ps1","1"
"TechNet\Report-DistributionGroups.ps1","1"
"TechNet\Report-MailboxPermissions.ps1","1"
"TechNet\Reset-WSUSClientID.ps1","1"
"TechNet\RICOH-MFP-AB.psm1","1"
"TechNet\RMO_ListMergeReplState.ps1","1"
"TechNet\Run-Function.ps1","1"
"TechNet\ScriptWithALotOfAliases.ps1","1"
"TechNet\ScriptWithNoSpaceBetweetPipe.ps1","1"
"TechNet\ScriptWithTabs.ps1","1"
"TechNet\ShareAllSubFolders.ps1","1"
"TechNet\SsasDiscoverCurrentProcesses.ps1","1"
"TechNet\SsasDiscoverCurrentProcesses_1.ps1","1"
"TechNet\Start-BinaryClock.ps1","1"
"TechNet\Start-PoshChatClient.ps1","1"
"TechNet\Start-Song.ps1","1"
"TechNet\StopWatch-Community-Edition.ps1","1"
"TechNet\Sync-ADLyncSitesSubnets.ps1","1"
"TechNet\tagging-support.ps1","1"
"TechNet\toh_iterative.ps1","1"
"TechNet\Transaction_Log_Check.ps1","1"
"TechNet\vCenter-Resources-Report.ps1","1"
"TechNet\WPF Item Definitions.ps1","1"
"TechNet\WSUS_Decline_Itanium_Updates.ps1","1"
"TechNet\X-3-user-export.ps1","1"
"TechNet\Zip-File.ps1","1"
