"Path","Label"
"UnderhandedPowerShell\UnderhandedPowerShell_000.ps1","1"
"UnderhandedPowerShell\UnderhandedPowerShell_001.ps1","1"
"UnderhandedPowerShell\UnderhandedPowerShell_002.ps1","1"
"UnderhandedPowerShell\UnderhandedPowerShell_003.ps1","1"
"UnderhandedPowerShell\UnderhandedPowerShell_004.ps1","1"
"UnderhandedPowerShell\UnderhandedPowerShell_005.ps1","1"
"UnderhandedPowerShell\UnderhandedPowerShell_006.ps1","1"
"UnderhandedPowerShell\UnderhandedPowerShell_007.ps1","1"
"UnderhandedPowerShell\UnderhandedPowerShell_008.ps1","1"
"UnderhandedPowerShell\UnderhandedPowerShell_009.ps1","1"
"UnderhandedPowerShell\UnderhandedPowerShell_010.ps1","1"
"UnderhandedPowerShell\UnderhandedPowerShell_011.ps1","1"
"UnderhandedPowerShell\UnderhandedPowerShell_012.ps1","1"
"UnderhandedPowerShell\UnderhandedPowerShell_013.ps1","1"
"UnderhandedPowerShell\UnderhandedPowerShell_014.ps1","1"
"UnderhandedPowerShell\UnderhandedPowerShell_015.ps1","1"
"UnderhandedPowerShell\UnderhandedPowerShell_016.ps1","1"
"UnderhandedPowerShell\UnderhandedPowerShell_017.ps1","1"
"UnderhandedPowerShell\UnderhandedPowerShell_018.ps1","1"
"UnderhandedPowerShell\UnderhandedPowerShell_019.ps1","1"
"UnderhandedPowerShell\UnderhandedPowerShell_020.ps1","1"
"UnderhandedPowerShell\UnderhandedPowerShell_021.ps1","1"
"UnderhandedPowerShell\UnderhandedPowerShell_022.ps1","1"
"UnderhandedPowerShell\UnderhandedPowerShell_023.ps1","1"
"UnderhandedPowerShell\UnderhandedPowerShell_024.ps1","1"
"UnderhandedPowerShell\UnderhandedPowerShell_025.ps1","1"
"UnderhandedPowerShell\UnderhandedPowerShell_026.ps1","1"
"UnderhandedPowerShell\UnderhandedPowerShell_027.ps1","1"
"UnderhandedPowerShell\UnderhandedPowerShell_028.ps1","1"
"UnderhandedPowerShell\UnderhandedPowerShell_029.ps1","1"
"UnderhandedPowerShell\UnderhandedPowerShell_030.ps1","1"
"UnderhandedPowerShell\UnderhandedPowerShell_031.ps1","1"
"UnderhandedPowerShell\UnderhandedPowerShell_032.ps1","1"
"UnderhandedPowerShell\UnderhandedPowerShell_033.ps1","1"
"UnderhandedPowerShell\UnderhandedPowerShell_034.ps1","1"
"UnderhandedPowerShell\UnderhandedPowerShell_035.ps1","1"
"UnderhandedPowerShell\UnderhandedPowerShell_036.ps1","1"
"UnderhandedPowerShell\UnderhandedPowerShell_037.ps1","1"
"UnderhandedPowerShell\UnderhandedPowerShell_038.ps1","1"
"UnderhandedPowerShell\UnderhandedPowerShell_039.ps1","1"
"UnderhandedPowerShell\UnderhandedPowerShell_040.ps1","1"
"UnderhandedPowerShell\UnderhandedPowerShell_041.ps1","1"
"UnderhandedPowerShell\UnderhandedPowerShell_042.ps1","1"
"UnderhandedPowerShell\UnderhandedPowerShell_043.ps1","1"
"UnderhandedPowerShell\UnderhandedPowerShell_044.ps1","1"
"UnderhandedPowerShell\UnderhandedPowerShell_045.ps1","1"
"UnderhandedPowerShell\UnderhandedPowerShell_046.ps1","1"
"UnderhandedPowerShell\UnderhandedPowerShell_047.ps1","1"
"UnderhandedPowerShell\UnderhandedPowerShell_048.ps1","1"
"UnderhandedPowerShell\UnderhandedPowerShell_049.ps1","1"
"UnderhandedPowerShell\UnderhandedPowerShell_050.ps1","1"
"UnderhandedPowerShell\UnderhandedPowerShell_051.ps1","1"
"UnderhandedPowerShell\UnderhandedPowerShell_052.ps1","1"
"UnderhandedPowerShell\UnderhandedPowerShell_053.ps1","1"
"UnderhandedPowerShell\UnderhandedPowerShell_054.ps1","1"
"UnderhandedPowerShell\UnderhandedPowerShell_055.ps1","1"
"UnderhandedPowerShell\UnderhandedPowerShell_056.ps1","1"
"UnderhandedPowerShell\UnderhandedPowerShell_057.ps1","1"
"UnderhandedPowerShell\UnderhandedPowerShell_058.ps1","1"
"UnderhandedPowerShell\UnderhandedPowerShell_059.ps1","1"
"UnderhandedPowerShell\UnderhandedPowerShell_060.ps1","1"
"UnderhandedPowerShell\UnderhandedPowerShell_061.ps1","1"
"UnderhandedPowerShell\UnderhandedPowerShell_062.ps1","1"
"UnderhandedPowerShell\UnderhandedPowerShell_063.ps1","1"
"UnderhandedPowerShell\UnderhandedPowerShell_064.ps1","1"
"UnderhandedPowerShell\UnderhandedPowerShell_065.ps1","1"
"UnderhandedPowerShell\UnderhandedPowerShell_066.ps1","1"
"UnderhandedPowerShell\UnderhandedPowerShell_067.ps1","1"
"UnderhandedPowerShell\UnderhandedPowerShell_068.ps1","1"
"UnderhandedPowerShell\UnderhandedPowerShell_069.ps1","1"
"UnderhandedPowerShell\UnderhandedPowerShell_070.ps1","1"
"UnderhandedPowerShell\UnderhandedPowerShell_071.ps1","1"
"UnderhandedPowerShell\UnderhandedPowerShell_072.ps1","1"
"UnderhandedPowerShell\UnderhandedPowerShell_073.ps1","1"
"UnderhandedPowerShell\UnderhandedPowerShell_074.ps1","1"
"UnderhandedPowerShell\UnderhandedPowerShell_075.ps1","1"
"UnderhandedPowerShell\UnderhandedPowerShell_076.ps1","1"
"UnderhandedPowerShell\UnderhandedPowerShell_077.ps1","1"
"UnderhandedPowerShell\UnderhandedPowerShell_078.ps1","1"
"UnderhandedPowerShell\UnderhandedPowerShell_079.ps1","1"
"UnderhandedPowerShell\UnderhandedPowerShell_080.ps1","1"
"UnderhandedPowerShell\UnderhandedPowerShell_081.ps1","1"
"UnderhandedPowerShell\UnderhandedPowerShell_082.ps1","1"
"UnderhandedPowerShell\UnderhandedPowerShell_083.ps1","1"
"UnderhandedPowerShell\UnderhandedPowerShell_084.ps1","1"
"UnderhandedPowerShell\UnderhandedPowerShell_085.ps1","1"
"UnderhandedPowerShell\UnderhandedPowerShell_086.ps1","1"
"UnderhandedPowerShell\UnderhandedPowerShell_087.ps1","1"
"UnderhandedPowerShell\UnderhandedPowerShell_088.ps1","1"
"UnderhandedPowerShell\UnderhandedPowerShell_089.ps1","1"
"UnderhandedPowerShell\UnderhandedPowerShell_090.ps1","1"
"UnderhandedPowerShell\UnderhandedPowerShell_091.ps1","1"
"UnderhandedPowerShell\UnderhandedPowerShell_092.ps1","1"
"UnderhandedPowerShell\UnderhandedPowerShell_093.ps1","1"
"UnderhandedPowerShell\UnderhandedPowerShell_094.ps1","1"
"UnderhandedPowerShell\UnderhandedPowerShell_095.ps1","1"
"UnderhandedPowerShell\UnderhandedPowerShell_096.ps1","1"
"UnderhandedPowerShell\UnderhandedPowerShell_097.ps1","1"
"UnderhandedPowerShell\UnderhandedPowerShell_098.ps1","1"
"UnderhandedPowerShell\UnderhandedPowerShell_099.ps1","1"
"UnderhandedPowerShell\UnderhandedPowerShell_100.ps1","1"
"UnderhandedPowerShell\UnderhandedPowerShell_101.ps1","1"
"UnderhandedPowerShell\UnderhandedPowerShell_102.ps1","1"
"UnderhandedPowerShell\UnderhandedPowerShell_103.ps1","1"
"UnderhandedPowerShell\UnderhandedPowerShell_104.ps1","1"
"UnderhandedPowerShell\UnderhandedPowerShell_105.ps1","1"
"UnderhandedPowerShell\UnderhandedPowerShell_106.ps1","1"
"UnderhandedPowerShell\UnderhandedPowerShell_107.ps1","1"
"UnderhandedPowerShell\UnderhandedPowerShell_108.ps1","1"
"UnderhandedPowerShell\UnderhandedPowerShell_109.ps1","1"
"UnderhandedPowerShell\UnderhandedPowerShell_110.ps1","1"
"UnderhandedPowerShell\UnderhandedPowerShell_111.ps1","1"
"UnderhandedPowerShell\UnderhandedPowerShell_112.ps1","1"
"UnderhandedPowerShell\UnderhandedPowerShell_113.ps1","1"
"UnderhandedPowerShell\UnderhandedPowerShell_114.ps1","1"
"UnderhandedPowerShell\UnderhandedPowerShell_115.ps1","1"
"UnderhandedPowerShell\UnderhandedPowerShell_116.ps1","1"
"UnderhandedPowerShell\UnderhandedPowerShell_117.ps1","1"
"UnderhandedPowerShell\UnderhandedPowerShell_118.ps1","1"
"UnderhandedPowerShell\UnderhandedPowerShell_119.ps1","1"
"UnderhandedPowerShell\UnderhandedPowerShell_120.ps1","1"
"UnderhandedPowerShell\UnderhandedPowerShell_121.ps1","1"
"UnderhandedPowerShell\UnderhandedPowerShell_122.ps1","1"
"UnderhandedPowerShell\UnderhandedPowerShell_123.ps1","1"
"UnderhandedPowerShell\UnderhandedPowerShell_124.ps1","1"
"UnderhandedPowerShell\UnderhandedPowerShell_125.ps1","1"
"UnderhandedPowerShell\UnderhandedPowerShell_126.ps1","1"
"UnderhandedPowerShell\UnderhandedPowerShell_127.ps1","1"
"UnderhandedPowerShell\UnderhandedPowerShell_128.ps1","1"
"UnderhandedPowerShell\UnderhandedPowerShell_129.ps1","1"
"UnderhandedPowerShell\UnderhandedPowerShell_130.ps1","1"
"UnderhandedPowerShell\UnderhandedPowerShell_131.ps1","1"
"UnderhandedPowerShell\UnderhandedPowerShell_132.ps1","1"
"UnderhandedPowerShell\UnderhandedPowerShell_133.ps1","1"
"UnderhandedPowerShell\UnderhandedPowerShell_134.ps1","1"
"UnderhandedPowerShell\UnderhandedPowerShell_135.ps1","1"
"UnderhandedPowerShell\UnderhandedPowerShell_136.ps1","1"
"UnderhandedPowerShell\UnderhandedPowerShell_137.ps1","1"
"UnderhandedPowerShell\UnderhandedPowerShell_138.ps1","1"
"UnderhandedPowerShell\UnderhandedPowerShell_139.ps1","1"
"UnderhandedPowerShell\UnderhandedPowerShell_140.ps1","1"
"UnderhandedPowerShell\UnderhandedPowerShell_141.ps1","1"
"UnderhandedPowerShell\UnderhandedPowerShell_142.ps1","1"
"UnderhandedPowerShell\UnderhandedPowerShell_143.ps1","1"
"UnderhandedPowerShell\UnderhandedPowerShell_144.ps1","1"
"UnderhandedPowerShell\UnderhandedPowerShell_145.ps1","1"
"UnderhandedPowerShell\UnderhandedPowerShell_146.ps1","1"
"UnderhandedPowerShell\UnderhandedPowerShell_147.ps1","1"
"UnderhandedPowerShell\UnderhandedPowerShell_148.ps1","1"
"UnderhandedPowerShell\UnderhandedPowerShell_149.ps1","1"
"UnderhandedPowerShell\UnderhandedPowerShell_150.ps1","1"
"UnderhandedPowerShell\UnderhandedPowerShell_151.ps1","1"
"UnderhandedPowerShell\UnderhandedPowerShell_152.ps1","1"
"UnderhandedPowerShell\UnderhandedPowerShell_153.ps1","1"
"UnderhandedPowerShell\UnderhandedPowerShell_154.ps1","1"
"UnderhandedPowerShell\UnderhandedPowerShell_155.ps1","1"
"UnderhandedPowerShell\UnderhandedPowerShell_156.ps1","1"
"UnderhandedPowerShell\UnderhandedPowerShell_157.ps1","1"
"UnderhandedPowerShell\UnderhandedPowerShell_158.ps1","1"
"UnderhandedPowerShell\UnderhandedPowerShell_159.ps1","1"
"UnderhandedPowerShell\UnderhandedPowerShell_160.ps1","1"
"UnderhandedPowerShell\UnderhandedPowerShell_161.ps1","1"
"UnderhandedPowerShell\UnderhandedPowerShell_162.ps1","1"
"UnderhandedPowerShell\UnderhandedPowerShell_163.ps1","1"
"UnderhandedPowerShell\UnderhandedPowerShell_164.ps1","1"
"UnderhandedPowerShell\UnderhandedPowerShell_165.ps1","1"
"UnderhandedPowerShell\UnderhandedPowerShell_166.ps1","1"
"UnderhandedPowerShell\UnderhandedPowerShell_167.ps1","1"
"UnderhandedPowerShell\UnderhandedPowerShell_168.ps1","1"
"UnderhandedPowerShell\UnderhandedPowerShell_169.ps1","1"
"UnderhandedPowerShell\UnderhandedPowerShell_170.ps1","1"
"UnderhandedPowerShell\UnderhandedPowerShell_171.ps1","1"
"UnderhandedPowerShell\UnderhandedPowerShell_172.ps1","1"
"UnderhandedPowerShell\UnderhandedPowerShell_173.ps1","1"
"UnderhandedPowerShell\UnderhandedPowerShell_174.ps1","1"
"UnderhandedPowerShell\UnderhandedPowerShell_175.ps1","1"
"UnderhandedPowerShell\UnderhandedPowerShell_176.ps1","1"
"UnderhandedPowerShell\UnderhandedPowerShell_177.ps1","1"
"UnderhandedPowerShell\UnderhandedPowerShell_178.ps1","1"
"UnderhandedPowerShell\UnderhandedPowerShell_179.ps1","1"
"UnderhandedPowerShell\UnderhandedPowerShell_180.ps1","1"
"UnderhandedPowerShell\UnderhandedPowerShell_181.ps1","1"
"UnderhandedPowerShell\UnderhandedPowerShell_182.ps1","1"
"UnderhandedPowerShell\UnderhandedPowerShell_183.ps1","1"
"UnderhandedPowerShell\UnderhandedPowerShell_184.ps1","1"
"UnderhandedPowerShell\UnderhandedPowerShell_185.ps1","1"
"UnderhandedPowerShell\UnderhandedPowerShell_186.ps1","1"
"UnderhandedPowerShell\UnderhandedPowerShell_187.ps1","1"
"UnderhandedPowerShell\UnderhandedPowerShell_188.ps1","1"
"UnderhandedPowerShell\UnderhandedPowerShell_189.ps1","1"
"UnderhandedPowerShell\UnderhandedPowerShell_190.ps1","1"
"UnderhandedPowerShell\UnderhandedPowerShell_191.ps1","1"
"UnderhandedPowerShell\UnderhandedPowerShell_192.ps1","1"
"UnderhandedPowerShell\UnderhandedPowerShell_193.ps1","1"
"UnderhandedPowerShell\UnderhandedPowerShell_194.ps1","1"
"UnderhandedPowerShell\UnderhandedPowerShell_195.ps1","1"
"UnderhandedPowerShell\UnderhandedPowerShell_196.ps1","1"
"UnderhandedPowerShell\UnderhandedPowerShell_197.ps1","1"
"UnderhandedPowerShell\UnderhandedPowerShell_198.ps1","1"
"UnderhandedPowerShell\UnderhandedPowerShell_199.ps1","1"
"UnderhandedPowerShell\UnderhandedPowerShell_200.ps1","1"
"UnderhandedPowerShell\UnderhandedPowerShell_201.ps1","1"
"UnderhandedPowerShell\UnderhandedPowerShell_202.ps1","1"
"UnderhandedPowerShell\UnderhandedPowerShell_203.ps1","1"
"UnderhandedPowerShell\UnderhandedPowerShell_204.ps1","1"
"UnderhandedPowerShell\UnderhandedPowerShell_205.ps1","1"
"UnderhandedPowerShell\UnderhandedPowerShell_206.ps1","1"
"UnderhandedPowerShell\UnderhandedPowerShell_207.ps1","1"
"UnderhandedPowerShell\UnderhandedPowerShell_208.ps1","1"
"UnderhandedPowerShell\UnderhandedPowerShell_209.ps1","1"
"UnderhandedPowerShell\UnderhandedPowerShell_210.ps1","1"
"UnderhandedPowerShell\UnderhandedPowerShell_211.ps1","1"
"UnderhandedPowerShell\UnderhandedPowerShell_212.ps1","1"
"UnderhandedPowerShell\UnderhandedPowerShell_213.ps1","1"
"UnderhandedPowerShell\UnderhandedPowerShell_214.ps1","1"
"UnderhandedPowerShell\UnderhandedPowerShell_215.ps1","1"
"UnderhandedPowerShell\UnderhandedPowerShell_216.ps1","1"
"UnderhandedPowerShell\UnderhandedPowerShell_217.ps1","1"
"UnderhandedPowerShell\UnderhandedPowerShell_218.ps1","1"
"UnderhandedPowerShell\UnderhandedPowerShell_219.ps1","1"
"UnderhandedPowerShell\UnderhandedPowerShell_220.ps1","1"
"UnderhandedPowerShell\UnderhandedPowerShell_221.ps1","1"
"UnderhandedPowerShell\UnderhandedPowerShell_222.ps1","1"
"UnderhandedPowerShell\UnderhandedPowerShell_223.ps1","1"
"UnderhandedPowerShell\UnderhandedPowerShell_224.ps1","1"
"UnderhandedPowerShell\UnderhandedPowerShell_225.ps1","1"
"UnderhandedPowerShell\UnderhandedPowerShell_226.ps1","1"
"UnderhandedPowerShell\UnderhandedPowerShell_227.ps1","1"
"UnderhandedPowerShell\UnderhandedPowerShell_228.ps1","1"
"UnderhandedPowerShell\UnderhandedPowerShell_229.ps1","1"
"UnderhandedPowerShell\UnderhandedPowerShell_230.ps1","1"
"UnderhandedPowerShell\UnderhandedPowerShell_231.ps1","1"
"UnderhandedPowerShell\UnderhandedPowerShell_232.ps1","1"
"UnderhandedPowerShell\UnderhandedPowerShell_233.ps1","1"
"UnderhandedPowerShell\UnderhandedPowerShell_234.ps1","1"
"UnderhandedPowerShell\UnderhandedPowerShell_235.ps1","1"
"UnderhandedPowerShell\UnderhandedPowerShell_236.ps1","1"
"UnderhandedPowerShell\UnderhandedPowerShell_237.ps1","1"
"UnderhandedPowerShell\UnderhandedPowerShell_238.ps1","1"
"UnderhandedPowerShell\UnderhandedPowerShell_239.ps1","1"
"UnderhandedPowerShell\UnderhandedPowerShell_240.ps1","1"
"UnderhandedPowerShell\UnderhandedPowerShell_241.ps1","1"
"UnderhandedPowerShell\UnderhandedPowerShell_242.ps1","1"
"UnderhandedPowerShell\UnderhandedPowerShell_243.ps1","1"
"UnderhandedPowerShell\UnderhandedPowerShell_244.ps1","1"
"UnderhandedPowerShell\UnderhandedPowerShell_245.ps1","1"
"UnderhandedPowerShell\UnderhandedPowerShell_246.ps1","1"
"UnderhandedPowerShell\UnderhandedPowerShell_247.ps1","1"
"UnderhandedPowerShell\UnderhandedPowerShell_248.ps1","1"
"UnderhandedPowerShell\UnderhandedPowerShell_249.ps1","1"
"UnderhandedPowerShell\UnderhandedPowerShell_250.ps1","1"
"UnderhandedPowerShell\UnderhandedPowerShell_251.ps1","1"
"UnderhandedPowerShell\UnderhandedPowerShell_252.ps1","1"
"UnderhandedPowerShell\UnderhandedPowerShell_253.ps1","1"
"UnderhandedPowerShell\UnderhandedPowerShell_254.ps1","1"
"UnderhandedPowerShell\UnderhandedPowerShell_255.ps1","1"
"UnderhandedPowerShell\UnderhandedPowerShell_256.ps1","1"
"UnderhandedPowerShell\UnderhandedPowerShell_257.ps1","1"
"UnderhandedPowerShell\UnderhandedPowerShell_258.ps1","1"
"UnderhandedPowerShell\UnderhandedPowerShell_259.ps1","1"
"UnderhandedPowerShell\UnderhandedPowerShell_260.ps1","1"
"UnderhandedPowerShell\UnderhandedPowerShell_261.ps1","1"
"UnderhandedPowerShell\UnderhandedPowerShell_262.ps1","1"
"UnderhandedPowerShell\UnderhandedPowerShell_263.ps1","1"
"UnderhandedPowerShell\UnderhandedPowerShell_264.ps1","1"
"UnderhandedPowerShell\UnderhandedPowerShell_265.ps1","1"
"UnderhandedPowerShell\UnderhandedPowerShell_266.ps1","1"
"UnderhandedPowerShell\UnderhandedPowerShell_267.ps1","1"
"UnderhandedPowerShell\UnderhandedPowerShell_268.ps1","1"
"UnderhandedPowerShell\UnderhandedPowerShell_269.ps1","1"
"UnderhandedPowerShell\UnderhandedPowerShell_270.ps1","1"
"UnderhandedPowerShell\UnderhandedPowerShell_271.ps1","1"
"UnderhandedPowerShell\UnderhandedPowerShell_272.ps1","1"
"UnderhandedPowerShell\UnderhandedPowerShell_273.ps1","1"
"UnderhandedPowerShell\UnderhandedPowerShell_274.ps1","1"
"UnderhandedPowerShell\UnderhandedPowerShell_275.ps1","1"
"UnderhandedPowerShell\UnderhandedPowerShell_276.ps1","1"
"UnderhandedPowerShell\UnderhandedPowerShell_277.ps1","1"
"UnderhandedPowerShell\UnderhandedPowerShell_278.ps1","1"
"UnderhandedPowerShell\UnderhandedPowerShell_279.ps1","1"
"UnderhandedPowerShell\UnderhandedPowerShell_280.ps1","1"
"UnderhandedPowerShell\UnderhandedPowerShell_281.ps1","1"
"UnderhandedPowerShell\UnderhandedPowerShell_282.ps1","1"
"UnderhandedPowerShell\UnderhandedPowerShell_283.ps1","1"
"UnderhandedPowerShell\UnderhandedPowerShell_284.ps1","1"
"UnderhandedPowerShell\UnderhandedPowerShell_285.ps1","1"
"UnderhandedPowerShell\UnderhandedPowerShell_286.ps1","1"
"UnderhandedPowerShell\UnderhandedPowerShell_287.ps1","1"
"UnderhandedPowerShell\UnderhandedPowerShell_288.ps1","1"
"UnderhandedPowerShell\UnderhandedPowerShell_289.ps1","1"
"UnderhandedPowerShell\UnderhandedPowerShell_290.ps1","1"
"UnderhandedPowerShell\UnderhandedPowerShell_291.ps1","1"
"UnderhandedPowerShell\UnderhandedPowerShell_292.ps1","1"
"UnderhandedPowerShell\UnderhandedPowerShell_293.ps1","1"
"UnderhandedPowerShell\UnderhandedPowerShell_294.ps1","1"
"UnderhandedPowerShell\UnderhandedPowerShell_295.ps1","1"
"UnderhandedPowerShell\UnderhandedPowerShell_296.ps1","1"
"UnderhandedPowerShell\UnderhandedPowerShell_297.ps1","1"
"UnderhandedPowerShell\UnderhandedPowerShell_298.ps1","1"
"UnderhandedPowerShell\UnderhandedPowerShell_299.ps1","1"
"UnderhandedPowerShell\UnderhandedPowerShell_300.ps1","1"
"UnderhandedPowerShell\UnderhandedPowerShell_301.ps1","1"
"UnderhandedPowerShell\UnderhandedPowerShell_302.ps1","1"
"UnderhandedPowerShell\UnderhandedPowerShell_303.ps1","1"
"UnderhandedPowerShell\UnderhandedPowerShell_304.ps1","1"
"UnderhandedPowerShell\UnderhandedPowerShell_305.ps1","1"
"UnderhandedPowerShell\UnderhandedPowerShell_306.ps1","1"
"UnderhandedPowerShell\UnderhandedPowerShell_307.ps1","1"
"UnderhandedPowerShell\UnderhandedPowerShell_308.ps1","1"
"UnderhandedPowerShell\UnderhandedPowerShell_309.ps1","1"
"UnderhandedPowerShell\UnderhandedPowerShell_310.ps1","1"
"UnderhandedPowerShell\UnderhandedPowerShell_311.ps1","1"
"UnderhandedPowerShell\UnderhandedPowerShell_312.ps1","1"
"UnderhandedPowerShell\UnderhandedPowerShell_313.ps1","1"
"UnderhandedPowerShell\UnderhandedPowerShell_314.ps1","1"
"UnderhandedPowerShell\UnderhandedPowerShell_315.ps1","1"
"UnderhandedPowerShell\UnderhandedPowerShell_316.ps1","1"
"UnderhandedPowerShell\UnderhandedPowerShell_317.ps1","1"
"UnderhandedPowerShell\UnderhandedPowerShell_318.ps1","1"
"UnderhandedPowerShell\UnderhandedPowerShell_319.ps1","1"
"UnderhandedPowerShell\UnderhandedPowerShell_320.ps1","1"
"UnderhandedPowerShell\UnderhandedPowerShell_321.ps1","1"
"UnderhandedPowerShell\UnderhandedPowerShell_322.ps1","1"
"UnderhandedPowerShell\UnderhandedPowerShell_323.ps1","1"
"UnderhandedPowerShell\UnderhandedPowerShell_324.ps1","1"
"UnderhandedPowerShell\UnderhandedPowerShell_325.ps1","1"
"UnderhandedPowerShell\UnderhandedPowerShell_326.ps1","1"
"UnderhandedPowerShell\UnderhandedPowerShell_327.ps1","1"
"UnderhandedPowerShell\UnderhandedPowerShell_328.ps1","1"
"UnderhandedPowerShell\UnderhandedPowerShell_329.ps1","1"
"UnderhandedPowerShell\UnderhandedPowerShell_330.ps1","1"
"UnderhandedPowerShell\UnderhandedPowerShell_331.ps1","1"
"UnderhandedPowerShell\UnderhandedPowerShell_332.ps1","1"
"UnderhandedPowerShell\UnderhandedPowerShell_333.ps1","1"
"UnderhandedPowerShell\UnderhandedPowerShell_334.ps1","1"
"UnderhandedPowerShell\UnderhandedPowerShell_335.ps1","1"
"UnderhandedPowerShell\UnderhandedPowerShell_336.ps1","1"
"UnderhandedPowerShell\UnderhandedPowerShell_337.ps1","1"
"UnderhandedPowerShell\UnderhandedPowerShell_338.ps1","1"
"UnderhandedPowerShell\UnderhandedPowerShell_339.ps1","1"
"UnderhandedPowerShell\UnderhandedPowerShell_340.ps1","1"
"UnderhandedPowerShell\UnderhandedPowerShell_341.ps1","1"
"UnderhandedPowerShell\UnderhandedPowerShell_342.ps1","1"
"UnderhandedPowerShell\UnderhandedPowerShell_343.ps1","1"
"UnderhandedPowerShell\UnderhandedPowerShell_344.ps1","1"
"UnderhandedPowerShell\UnderhandedPowerShell_345.ps1","1"
"UnderhandedPowerShell\UnderhandedPowerShell_346.ps1","1"
"UnderhandedPowerShell\UnderhandedPowerShell_347.ps1","1"
"UnderhandedPowerShell\UnderhandedPowerShell_348.ps1","1"
"UnderhandedPowerShell\UnderhandedPowerShell_349.ps1","1"
"UnderhandedPowerShell\UnderhandedPowerShell_350.ps1","1"
"UnderhandedPowerShell\UnderhandedPowerShell_351.ps1","1"
"UnderhandedPowerShell\UnderhandedPowerShell_352.ps1","1"
"UnderhandedPowerShell\UnderhandedPowerShell_353.ps1","1"
"UnderhandedPowerShell\UnderhandedPowerShell_354.ps1","1"
"UnderhandedPowerShell\UnderhandedPowerShell_355.ps1","1"
"UnderhandedPowerShell\UnderhandedPowerShell_356.ps1","1"
"UnderhandedPowerShell\UnderhandedPowerShell_357.ps1","1"
"UnderhandedPowerShell\UnderhandedPowerShell_358.ps1","1"
"UnderhandedPowerShell\UnderhandedPowerShell_359.ps1","1"
"UnderhandedPowerShell\UnderhandedPowerShell_360.ps1","1"
"UnderhandedPowerShell\UnderhandedPowerShell_361.ps1","1"
"UnderhandedPowerShell\UnderhandedPowerShell_362.ps1","1"
"UnderhandedPowerShell\UnderhandedPowerShell_363.ps1","1"
"UnderhandedPowerShell\UnderhandedPowerShell_364.ps1","1"
"UnderhandedPowerShell\UnderhandedPowerShell_365.ps1","1"
"UnderhandedPowerShell\UnderhandedPowerShell_366.ps1","1"
"UnderhandedPowerShell\UnderhandedPowerShell_367.ps1","1"
"UnderhandedPowerShell\UnderhandedPowerShell_368.ps1","1"
"UnderhandedPowerShell\UnderhandedPowerShell_369.ps1","1"
"UnderhandedPowerShell\UnderhandedPowerShell_370.ps1","1"
"UnderhandedPowerShell\UnderhandedPowerShell_371.ps1","1"
"UnderhandedPowerShell\UnderhandedPowerShell_372.ps1","1"
"UnderhandedPowerShell\UnderhandedPowerShell_373.ps1","1"
"UnderhandedPowerShell\UnderhandedPowerShell_374.ps1","1"
"UnderhandedPowerShell\UnderhandedPowerShell_375.ps1","1"
"UnderhandedPowerShell\UnderhandedPowerShell_376.ps1","1"
"UnderhandedPowerShell\UnderhandedPowerShell_377.ps1","1"
"UnderhandedPowerShell\UnderhandedPowerShell_378.ps1","1"
"UnderhandedPowerShell\UnderhandedPowerShell_379.ps1","1"
"UnderhandedPowerShell\UnderhandedPowerShell_380.ps1","1"
"UnderhandedPowerShell\UnderhandedPowerShell_381.ps1","1"
"UnderhandedPowerShell\UnderhandedPowerShell_382.ps1","1"
